id_venda,id_tempo,id_cliente,id_produto,id_geografia,id_canal,id_vendedor,id_entrega,quantidade,preco_unitario,desconto,receita,custo_unitario,lucro,meta_venda,atingiu_meta_flag,prazo_entrega_dias
1,20241214,1,1,1,1,1,1,5,4697.12,0.18,19258.192,3172.26,3396.891999999998,24931.11,0,9
2,20240309,2,2,1,1,2,1,10,506.54,0.12,4457.552000000001,307.66,1380.9520000000002,5780.24,0,13
3,20240214,3,3,2,1,3,1,1,470.34,0.23,362.1618,289.38,72.78179999999998,554.46,0,8
4,20240720,4,4,3,1,4,1,6,4524.52,0.21,21446.224800000004,2723.57,5104.804800000002,30872.49,0,10
5,20240711,5,5,4,2,5,1,8,3178.6,0.17,21105.904,2543.4,758.7039999999979,24448.64,0,14
6,20240531,6,6,2,2,5,2,8,2144.64,0.11,15269.8368,1309.53,4793.596799999999,18388.79,0,6
7,20240120,7,7,5,1,6,2,5,2760.83,0.16,11595.486,1770.22,2744.3859999999986,14324.95,0,2
8,20240510,8,8,6,2,6,2,10,5446.03,0.19,44112.843,3116.11,12951.743,55981.71,0,6
9,20241215,9,9,4,1,7,1,8,3175.6,0.0,25404.8,2114.8,8486.399999999998,28270.93,0,13
10,20241111,10,10,7,1,2,1,4,4201.27,0.17,13948.2164,3706.31,-877.0235999999986,18397.12,0,12
11,20240209,11,11,1,1,8,1,9,5221.71,0.11,41825.8971,2910.85,15628.247100000004,54118.48,0,13
12,20240515,12,12,5,1,2,2,9,645.94,0.1,5232.114000000001,529.39,467.6040000000012,5797.93,0,6
13,20240909,13,13,8,2,4,2,5,1059.77,0.11,4715.976500000001,705.77,1187.1265000000008,5499.19,0,7
14,20241215,14,10,3,2,9,2,9,4810.09,0.05,41126.2695,3363.06,10858.729499999994,42444.58,0,6
15,20240624,15,14,5,1,10,2,2,5263.98,0.12,9264.6048,3214.32,2835.964799999999,11740.49,0,6
16,20240813,16,15,1,1,11,1,5,3979.79,0.09,18108.0445,2100.14,7607.344500000001,20462.32,0,12
17,20240718,17,16,6,2,7,2,9,326.11,0.13,2553.4413000000004,261.9,196.3413000000005,3468.8,0,7
18,20241015,18,17,1,2,12,2,3,4984.44,0.03,14504.7204,4369.98,1394.7804000000017,16414.97,0,2
19,20241218,19,18,9,2,13,1,9,3302.09,0.0,29718.81,2203.7,9885.510000000002,31098.64,0,8
20,20240102,20,1,8,1,9,2,7,3339.21,0.12,20569.5336,2367.62,3996.1936000000014,27940.43,0,2
21,20241110,21,6,10,2,11,1,2,2693.86,0.21,4256.2988000000005,2121.93,12.43880000000081,5923.75,0,11
22,20241106,22,19,6,2,11,2,9,1055.12,0.07,8831.354399999998,542.55,3948.404399999999,10887.32,0,2
23,20240110,23,1,3,1,9,2,1,456.64,0.01,452.0736,255.62,196.4536,506.42,0,1
24,20241023,24,20,10,2,6,1,6,2041.63,0.24,9309.8328,1502.92,292.3127999999997,11912.68,0,12
25,20240515,25,21,1,2,14,2,2,2093.2,0.03,4060.808,1249.98,1560.8479999999995,4208.09,0,3
26,20240415,26,22,1,2,11,1,1,5482.9,0.1,4934.61,4630.09,304.5199999999995,5675.42,0,8
27,20240818,27,23,6,2,3,2,2,1345.97,0.18,2207.3908,847.31,512.7708000000002,2984.84,0,2
28,20241219,28,16,2,1,12,2,1,4159.1,0.19,3368.8710000000005,3033.53,335.34100000000035,4939.25,0,2
29,20241107,29,24,1,1,15,2,7,4982.31,0.09,31737.314700000006,2704.15,12808.264700000009,36108.12,0,3
30,20241225,30,25,9,1,7,1,9,3050.7,0.1,24710.67,2651.18,850.0499999999993,29145.62,0,14
31,20240724,31,10,6,1,7,1,1,4489.36,0.15,3815.956,3943.95,-127.99400000000014,4945.98,0,9
32,20240314,32,26,10,2,6,2,8,948.52,0.07,7056.988799999999,488.17,3151.628799999999,8216.26,0,7
33,20240116,33,27,8,1,10,2,3,4349.95,0.05,12397.357499999998,2640.57,4475.647499999997,12101.26,1,6
34,20240924,34,28,2,2,11,1,7,4103.21,0.1,25850.223,2789.52,6323.583000000002,25940.56,0,9
35,20241208,35,29,9,1,9,2,8,3806.94,0.2,24364.416,2272.02,6188.256000000001,34968.51,0,2
36,20240322,36,8,1,2,1,1,2,1944.98,0.14,3345.3656,1002.07,1341.2256,3992.56,0,9
37,20240806,37,30,10,2,6,2,9,628.5,0.07,5260.545,473.37,1000.215,6601.51,0,6
38,20240627,38,31,8,2,6,1,6,1803.37,0.18,8872.5804,1296.43,1094.0004000000008,12119.45,0,9
39,20240609,39,32,7,2,4,2,11,3550.49,0.16,32806.5276,2602.93,4174.297600000002,46693.29,0,7
40,20240412,40,33,2,1,5,2,4,2316.37,0.09,8431.5868,1315.4,3169.9867999999988,9903.79,0,5
41,20241201,41,34,5,1,16,2,9,4174.82,0.04,36070.4448,2808.45,10794.394799999998,38583.73,0,7
42,20241209,42,18,5,2,15,1,5,3627.07,0.05,17228.5825,2135.09,6553.1325,20873.37,0,11
43,20241126,43,35,2,2,17,1,6,5592.24,0.17,27849.3552,3455.05,7119.055199999999,37560.61,0,9
44,20241126,44,25,7,2,13,2,8,628.08,0.04,4823.6544,340.69,2098.1344000000004,4601.7,1,1
45,20240201,45,23,9,2,16,1,5,5694.7,0.13,24771.945,3055.3,9495.445,27460.88,0,11
46,20240101,46,36,4,2,12,1,7,5633.76,0.0,39436.32,3875.38,12308.66,45588.47,0,8
47,20241210,47,37,7,1,13,2,7,5823.33,0.11,36279.3459,4114.44,7478.265900000002,47314.69,0,4
48,20240403,48,38,1,1,5,1,9,5355.89,0.12,42418.6488,2969.03,15697.378800000002,50100.0,0,11
49,20240428,49,4,3,1,5,2,11,2455.44,0.01,26739.7416,1482.66,10430.4816,29838.18,0,4
50,20241031,50,39,4,1,6,1,1,3220.28,0.03,3123.6716,2491.52,632.1516000000001,3077.66,1,12
51,20241117,51,40,9,1,15,2,1,387.58,0.0,387.58,321.99,65.58999999999997,368.09,1,2
52,20240614,52,41,7,1,18,1,10,5720.29,0.16,48050.436,3972.7,8323.436000000002,53369.07,0,14
53,20240612,53,42,2,2,9,2,7,5490.41,0.14,33052.2682,3086.53,11446.558199999996,43129.14,0,1
54,20240915,54,43,9,2,19,1,1,3114.28,0.18,2553.7096,2544.76,8.949599999999919,3197.28,0,14
55,20241214,55,4,5,1,18,2,10,1032.09,0.2,8256.72,819.08,65.91999999999916,10081.9,0,2
56,20240217,56,36,10,1,18,1,1,951.6,0.1,856.44,681.12,175.32000000000005,1063.42,0,9
57,20240530,57,37,7,1,3,1,8,1326.91,0.25,7961.460000000001,1003.18,-63.979999999998654,10822.42,0,14
58,20241209,58,44,4,1,17,1,8,2906.12,0.25,17436.72,1761.92,3341.3600000000006,27633.27,0,12
59,20240118,59,41,5,2,5,1,9,657.93,0.25,4441.0275,588.87,-858.8024999999998,6599.2,0,10
60,20240905,60,45,10,2,9,1,6,1687.211264367816,0.13,8807.2428,1486.45,-111.45720000000074,9286.92,0,9
61,20240701,61,44,7,2,3,2,6,5916.4,0.16,29818.655999999995,3163.34,10838.615999999996,37315.61,0,1
62,20240807,62,46,9,1,2,1,8,3377.33,0.16,22695.6576,2980.46,-1148.0224000000017,26596.33,0,8
63,20240529,63,47,9,1,6,2,10,5286.54,0.04,50750.784,4754.05,3210.284,62191.58,0,2
64,20241107,64,48,3,1,18,1,2,5667.14,0.24,8614.052800000001,4924.38,-1234.707199999999,13315.57,0,9
65,20241103,65,49,6,2,18,2,7,1978.34,0.24,10524.7688,1352.09,1060.1388000000006,13928.81,0,6
66,20241222,66,50,2,2,20,2,1,5437.18,0.03,5274.0646,4507.09,766.9745999999996,5500.16,0,6
67,20240222,67,51,3,1,20,1,7,3742.58,0.17,21744.3898,2249.57,5997.399799999996,24358.41,0,8
68,20240929,68,52,3,2,13,2,8,2523.48,0.1,18169.056,1913.94,2857.536,19404.63,0,3
69,20241007,69,41,9,1,13,1,8,4207.73,0.18,27602.7088,2795.66,5237.4288000000015,35610.14,0,12
70,20240326,70,32,8,2,16,2,11,5144.35,0.05,53758.4575,4357.16,5829.697500000009,52438.38,1,6
71,20240713,71,53,10,2,2,2,1,519.19,0.2,415.3520000000001,308.2,107.1520000000001,576.07,0,5
72,20240707,72,54,2,1,14,2,9,1050.78,0.02,9267.8796,534.46,4457.7396,8683.37,1,3
73,20240912,73,55,9,1,10,2,10,5623.5,0.2,44988.0,3076.78,14220.199999999995,58482.34,0,5
74,20240921,74,56,3,1,15,1,9,3824.97,0.2,27539.784,2193.35,7799.634000000002,39260.19,0,11
75,20240201,75,12,9,1,8,1,10,5810.09,0.03,56357.873,3754.76,18810.273,68221.81,0,14
76,20240710,76,57,8,2,17,1,3,2913.9,0.0,8741.7,2509.06,1214.5200000000004,9438.32,0,12
77,20240918,77,20,6,1,5,2,7,2817.9709090909087,0.12,17358.7008,1868.81,4277.030799999999,21248.06,0,5
78,20241218,78,58,8,2,5,1,3,4491.94,0.08,12397.7544,3004.77,3383.4444000000003,12647.46,0,11
79,20240527,79,43,2,1,9,1,1,3666.53,0.08,3373.2076,2423.82,949.3876,3777.24,0,10
80,20240928,80,25,3,1,9,2,1,2637.12,0.14,2267.9232,1936.04,331.88319999999976,2554.74,0,4
81,20240329,81,59,1,2,1,2,11,2260.98,0.07,23129.8254,1808.73,3233.795399999999,27625.24,0,6
82,20240915,82,12,6,2,6,2,11,2745.91,0.19,24466.0581,2305.02,-889.1618999999992,27893.73,0,3
83,20241028,83,60,3,2,6,2,3,4445.95,0.21,10536.9015,3499.76,37.62149999999929,13096.17,0,1
84,20241030,84,3,6,1,8,1,6,5612.57,0.02,33001.9116,4563.39,5621.571599999996,31605.9,1,12
85,20240501,85,20,5,1,6,2,8,4016.53,0.01,31810.9176,3285.53,5526.677599999999,30476.07,1,1
86,20240103,86,61,9,2,5,2,2,1313.58,0.03,2548.3452,810.28,927.7851999999998,2584.59,0,2
87,20240201,87,40,2,2,8,1,10,998.75,0.18,8189.750000000001,781.11,378.65000000000055,9382.79,0,12
88,20240826,88,62,2,1,20,2,6,5169.77,0.11,27606.5718,3214.6,8318.971800000003,30201.4,0,1
89,20240711,89,63,3,1,8,2,8,4219.23,0.11,30040.9176,3555.43,1597.4775999999983,33558.31,0,3
90,20240129,90,64,4,2,4,2,7,5757.33,0.01,39898.2969,3228.95,17295.646899999996,41536.2,0,5
91,20240117,91,54,10,2,7,1,2,1640.06,0.02,3214.5176,1199.6,815.3175999999999,3304.26,0,8
92,20240314,92,32,6,1,7,2,3,1965.6,0.24,4481.567999999999,1636.61,-428.2620000000006,6162.46,0,1
93,20240806,93,65,2,1,9,2,10,401.41,0.24,3050.7160000000003,212.59,924.8160000000004,4204.91,0,4
94,20240112,94,23,3,1,16,1,6,3186.51,0.19,15486.4386,2587.24,-37.001399999997375,18090.05,0,12
95,20240502,95,62,9,1,4,1,2,3842.04,0.21,6070.4232,2268.24,1533.9432000000006,7543.9,0,10
96,20240416,96,32,3,1,4,1,11,4423.96,0.1,43797.204,3760.96,2426.644,53296.32,0,9
97,20240319,97,66,6,1,4,1,9,2406.488764044944,0.11,19275.975,1548.95,5335.424999999997,25035.34,0,11
98,20240219,98,32,10,1,1,1,2,4460.72,0.15,7583.224,3517.65,547.924,9514.28,0,12
99,20240303,99,51,5,1,12,1,1,84.09,0.14,72.3174,75.43,-3.1126000000000005,95.87,0,11
100,20240422,100,49,6,2,8,2,4,3472.94,0.22,10835.5728,2079.87,2516.0928000000004,14236.13,0,5
101,20240729,101,9,8,1,8,2,11,787.67,0.03,8404.4389,592.11,1891.2288999999992,10343.08,0,4
102,20241117,102,64,4,1,15,2,2,2716.8923076923083,0.155,4591.548000000001,1666.65,1258.2480000000005,5749.46,0,7
103,20241115,103,26,4,1,13,1,5,2113.07,0.04,10142.736,1386.38,3210.836,10777.44,0,13
104,20240610,104,22,10,2,20,2,9,4942.78,0.06,41815.91879999999,2926.48,15477.598799999992,47508.49,0,7
105,20240811,105,67,3,2,12,1,10,1458.32,0.14,12541.552,1226.89,272.6519999999982,16525.35,0,11
106,20240702,106,32,3,1,11,2,10,2085.2,0.22,16264.56,1091.98,5344.760000000002,20792.5,0,1
107,20241112,107,68,9,2,5,2,6,2376.9,0.1,12835.260000000002,1324.09,4890.720000000003,14125.07,0,5
108,20240312,108,41,6,2,7,1,5,418.29,0.13,1819.5615000000005,374.74,-54.138499999999794,2405.45,0,14
109,20240303,109,69,5,1,17,1,9,1986.03,0.06,16801.8138,1737.5,1164.3138,16520.81,1,8
110,20240710,110,70,5,2,13,1,9,2715.92,0.13,21265.6536,2071.18,2625.033599999999,27028.1,0,11
111,20240311,111,71,5,1,14,2,9,3466.79,0.12,27456.9768,2798.57,2269.8468,34852.9,0,4
112,20240222,112,72,2,1,20,1,8,3608.43,0.2,23093.952,2840.06,373.4720000000016,33653.33,0,11
113,20240124,113,73,6,2,17,2,9,1599.14,0.2,11513.808,1235.33,395.8380000000016,16559.47,0,7
114,20241118,114,25,5,1,19,2,7,3828.23,0.02,26261.6578,2421.38,9311.9978,29566.91,0,7
115,20241230,115,71,6,2,19,1,4,345.43,0.2,1105.376,252.31,96.13599999999995,1392.63,0,12
116,20240112,116,35,8,1,4,2,10,5249.28,0.22,40944.384,3656.92,4375.184000000001,51292.47,0,1
117,20240401,117,9,6,1,14,1,6,5320.03,0.17,26493.7494,3662.7,4517.549400000004,33587.33,0,8
118,20240314,118,12,4,1,16,1,7,2635.1,0.16,15494.388,1515.76,4884.068000000001,20122.36,0,10
119,20240820,119,68,6,2,3,2,9,2792.68,0.14,21615.3432,2348.76,476.5031999999956,25713.37,0,4
120,20240827,120,74,6,1,7,1,6,1245.09,0.23,5752.315799999999,663.92,1768.7958,6825.9,0,8
121,20240430,121,71,8,2,4,1,1,1851.69,0.12,1629.4872,1390.93,238.5572,1987.15,0,12
122,20241221,122,51,2,2,12,1,10,433.6,0.08,3989.12,343.15,557.6200000000003,4965.78,0,14
123,20240701,123,65,1,2,4,1,10,4170.62,0.01,41289.138,2298.64,18302.738,45560.8,0,13
124,20240102,124,30,9,2,8,2,7,2125.41,0.25,11158.4025,1090.46,3525.1825,17738.25,0,2
125,20241205,125,75,5,1,10,1,4,2653.99,0.11,9448.2044,2139.34,890.8443999999981,11289.77,0,14
126,20240208,126,8,7,2,11,1,6,3499.78,0.09,19108.7988,3014.11,1024.1388000000006,20695.88,0,9
127,20240813,127,76,9,1,9,2,7,5044.33,0.12,31073.0728,2975.59,10243.942799999995,39540.51,0,6
128,20240302,128,1,4,1,8,2,2,3841.36,0.13,6683.9664,2021.45,2641.0664,8179.37,0,1
129,20240614,129,27,5,1,10,2,9,802.57,0.07,6717.510899999999,574.5,1547.0108999999993,7661.34,0,7
130,20240218,130,30,1,1,1,1,6,1558.33,0.23,7199.4846,941.33,1551.5045999999993,10224.68,0,14
131,20241010,131,77,3,1,10,2,6,1387.5,0.11,7409.25,1088.89,875.9099999999999,9243.89,0,4
132,20241123,132,68,7,1,5,1,1,3791.13,0.14,3260.3718,3312.63,-52.258200000000215,4124.45,0,12
133,20241219,133,61,9,2,20,1,11,2764.35,0.2,24326.28,1924.12,3160.959999999999,36044.67,0,9
134,20240911,134,78,7,2,18,2,6,2043.37,0.06,11524.6068,1658.03,1576.4267999999993,11983.59,0,7
135,20240506,135,18,7,2,1,1,5,675.95,0.06,3176.965,460.0,876.9649999999997,3181.98,0,12
136,20241118,136,37,7,2,3,2,6,5549.56,0.09,30300.5976,3483.7,9398.397600000004,37347.83,0,7
137,20240123,137,30,8,2,15,2,7,3790.4093023255823,0.14,22818.264000000003,3364.47,-733.0259999999944,30351.8,0,1
138,20240225,138,46,7,1,17,1,11,3350.65,0.18,30222.863000000005,2750.44,-31.976999999995314,37565.39,0,9
139,20240302,139,52,5,1,15,2,5,2792.06,0.23,10749.431,1647.35,2512.6810000000005,15848.95,0,1
140,20240202,140,9,9,1,7,2,5,2337.757333333333,0.1,10519.908,2172.59,-343.0420000000013,14374.38,0,2
141,20241203,141,59,2,1,19,1,3,5736.59,0.16,14456.2068,3294.19,4573.6368,16532.88,0,9
142,20240508,142,23,2,1,2,2,11,4224.67,0.06,43683.0878,3367.06,6645.427800000005,49917.66,0,5
143,20241009,143,79,1,1,5,1,6,1583.58,0.07,8836.3764,1133.85,2033.2764,9882.76,0,12
144,20240302,144,12,2,2,1,1,7,3226.0,0.1,20323.8,1872.56,7215.879999999999,22963.47,0,8
145,20240310,145,48,8,2,16,1,7,2526.1,0.05,16798.565,2167.21,1628.0949999999975,20413.5,0,11
146,20240701,146,5,4,1,10,2,4,625.1,0.19,2025.3240000000003,386.23,480.4040000000002,2852.62,0,7
147,20241102,147,17,9,2,8,2,1,4956.58,0.18,4064.3956,4183.57,-119.17439999999942,4792.36,0,5
148,20240211,148,51,4,2,18,2,6,383.7,0.12,2025.936,305.28,194.25600000000009,2310.44,0,4
149,20240806,149,64,3,1,3,2,9,5984.51,0.19,43627.0779,3235.84,14504.517900000004,48548.03,0,3
150,20241214,150,80,5,2,11,1,11,1737.17,0.24,14522.741200000002,1112.18,2288.761200000001,17875.86,0,14
151,20240323,151,24,7,2,1,2,10,4328.3,0.18,35492.060000000005,3839.8,-2905.939999999995,40042.65,0,6
152,20241220,152,38,10,2,13,2,4,2339.87,0.07,8704.3164,1935.82,961.0364,8777.55,0,5
153,20240116,153,41,2,2,15,2,8,3397.99,0.19,22018.9752,1998.69,6029.4552,30975.47,0,2
154,20240109,154,81,10,2,17,1,7,456.51,0.2,2556.456,267.15,686.4060000000004,2929.02,0,10
155,20240807,155,82,10,1,19,1,11,784.84,0.14,7424.5864,447.72,2499.6664,9312.78,0,11
156,20240629,156,10,6,2,14,2,3,5856.8,0.07,16340.472,4248.0,3596.472,17557.77,0,7
157,20240229,157,73,7,1,11,2,1,5436.4,0.23,4186.028,3213.16,972.8680000000004,5041.38,0,1
158,20241030,158,46,3,2,14,1,2,4619.63,0.11,8222.9414,3707.43,808.0814,9656.24,0,11
159,20241114,159,5,2,1,7,1,7,3313.42,0.04,22266.1824,1912.85,8876.232400000003,22976.79,0,10
160,20241024,160,64,5,2,7,1,5,5504.31,0.09,25044.610500000003,3418.51,7952.0605,25331.35,0,13
161,20241127,161,26,5,2,5,2,3,3825.93,0.02,11248.2342,2480.55,3806.5841999999984,12717.82,0,2
162,20240522,162,83,5,1,4,2,11,3071.95,0.21,26695.2455,1807.25,6815.495499999997,38085.49,0,2
163,20241003,163,84,4,2,14,2,1,5614.33,0.13,4884.4671,4543.95,340.5171,5265.77,0,6
164,20240223,164,85,6,2,8,2,10,2589.89,0.23,19942.153,1757.09,2371.2530000000006,26691.72,0,2
165,20240315,165,63,3,2,20,1,2,864.63,0.23,1331.5302,634.53,62.47019999999998,1728.3,0,11
166,20240412,166,86,5,1,3,1,5,3841.84,0.14,16519.912,3193.92,550.3119999999999,19400.01,0,10
167,20241103,167,64,4,1,1,1,10,5892.14,0.14,50672.404,5178.2,-1109.5959999999975,55698.97,0,10
168,20240225,168,5,7,1,1,1,4,2211.15,0.0,8844.6,1127.25,4335.6,8188.87,1,8
169,20240213,169,87,2,2,14,1,6,1162.63,0.03,6766.506600000001,639.11,2931.8466000000008,6547.62,1,8
170,20240131,170,36,8,1,18,2,3,771.6,0.2,1851.84,586.83,91.34999999999992,2087.58,0,3
171,20240705,171,38,4,1,18,2,3,4543.62,0.18,11177.3052,3888.05,-486.8448000000008,13670.73,0,2
172,20241103,172,50,5,1,16,1,2,464.06,0.14,798.1831999999999,384.11,29.963199999999915,870.01,0,11
173,20241120,173,76,1,2,12,1,8,1920.31,0.04,14747.9808,1130.67,5702.620799999999,15421.59,0,14
174,20240603,174,9,2,2,19,1,1,1745.4,0.19,1413.774,1187.76,226.01400000000007,2018.0,0,8
175,20240929,175,40,1,1,18,2,3,1358.9752808988765,0.11,3628.464,976.26,699.6840000000002,5313.92,0,1
176,20240906,176,37,4,1,17,2,9,1403.79,0.17,10486.3113,1050.87,1028.4813000000013,15052.32,0,4
177,20240807,177,45,10,2,1,2,6,2526.6,0.01,15008.004,1699.72,4809.683999999999,14449.29,1,7
178,20240514,178,15,4,2,4,1,10,4909.81,0.03,47625.15700000001,2497.74,22647.75700000001,52542.6,0,13
179,20240708,179,41,7,1,5,2,1,4860.89,0.05,4617.8455,2893.45,1724.3955000000003,5313.05,0,2
180,20241008,180,88,4,2,11,1,5,958.67,0.04,4601.615999999999,817.46,514.3159999999989,5730.2,0,10
181,20240508,181,82,7,1,9,2,4,3954.16,0.07,14709.4752,2397.82,5118.195199999998,18218.75,0,7
182,20240120,182,75,9,2,18,1,11,2305.52,0.08,23331.8624,1343.99,8547.972400000002,27870.34,0,8
183,20240210,183,65,2,2,9,1,1,557.27,0.13,484.8249,356.07,128.75489999999996,642.62,0,14
184,20240215,184,21,10,1,14,2,5,1988.44,0.1,8947.980000000001,1146.48,3215.5800000000017,11029.1,0,2
185,20240322,185,89,9,1,19,2,5,3502.07,0.18,14358.487000000005,2580.31,1456.9370000000035,20070.66,0,2
186,20240811,186,73,5,1,9,2,4,5180.98,0.17,17200.8536,4157.24,571.8935999999994,23982.45,0,3
187,20241116,187,76,7,1,6,2,8,5790.74,0.02,45399.4016,4726.85,7584.601599999994,50277.06,0,1
188,20240131,188,90,2,2,2,1,5,995.74,0.2,3982.96,690.36,531.1599999999999,5813.29,0,9
189,20241123,189,65,6,2,13,1,4,1185.06,0.09,4313.6184,1010.43,271.8984000000005,5132.09,0,10
190,20240315,190,91,8,2,10,1,2,5634.11,0.01,11155.5378,3245.64,4664.2578,11926.54,0,10
191,20241205,191,83,6,1,7,1,6,5448.55,0.15,27787.605000000003,4079.53,3310.425000000003,35367.48,0,14
192,20240514,192,6,7,1,4,1,8,1284.17,0.07,9554.2248,1029.21,1320.5447999999997,10984.58,0,12
193,20240921,193,1,7,2,20,2,11,3728.0,0.18,33626.560000000005,2610.45,4911.610000000008,41157.65,0,6
194,20240412,194,20,9,1,7,2,1,1287.23,0.07,1197.1239,759.62,437.5039,1362.24,0,4
195,20240515,195,26,6,2,3,2,8,530.17,0.21,3350.6744,276.02,1142.5144,4726.92,0,3
196,20240629,196,86,6,1,14,1,1,1306.92,0.18,1071.6744,789.49,282.1844000000001,1503.53,0,9
197,20240705,197,18,10,2,8,1,2,5986.24,0.02,11733.0304,4029.93,3673.1704,12722.89,0,8
198,20241212,198,4,7,2,14,1,7,1601.72,0.14,9642.3544,1056.74,2245.1744,12523.65,0,8
199,20240616,199,13,9,1,17,2,3,5251.729999999999,0.1,14179.670999999998,4529.27,591.8609999999971,15007.65,0,4
200,20240920,200,14,8,1,11,2,8,5460.83,0.17,36259.9112,3963.83,4549.271199999996,48271.51,0,1
201,20240226,201,71,10,2,11,2,1,4088.64,0.23,3148.2528,3630.84,-482.5872000000004,4723.97,0,5
202,20240508,202,68,4,2,18,2,6,4023.15,0.1,21725.01,3363.07,1546.59,27649.92,0,7
203,20241219,203,64,5,1,12,1,11,3514.8,0.21,30543.612000000005,2370.44,4468.7720000000045,36705.37,0,10
204,20241216,204,89,4,2,9,1,6,5805.6,0.2,27866.880000000005,3227.19,8503.740000000005,33574.73,0,12
205,20241125,205,84,10,1,2,1,8,3621.66,0.05,27524.616,2083.27,10858.455999999998,34332.5,0,9
206,20241108,206,44,2,1,10,1,2,123.96,0.18,203.2944,66.81,69.67439999999999,243.63,0,11
207,20240618,207,27,4,2,10,1,3,254.64,0.1,687.528,182.35,140.4780000000001,896.48,0,10
208,20240201,208,53,7,1,10,2,5,1804.73,0.21,7128.6835,1403.72,110.08349999999972,8465.54,0,1
209,20241116,209,92,3,2,12,2,8,2610.45,0.11,18586.404,1863.85,3675.604,21482.52,0,3
210,20240425,210,13,5,2,9,1,3,2796.8,0.2,6712.3200000000015,1486.99,2251.3500000000013,9820.24,0,12
211,20240627,211,82,10,1,17,2,10,5045.615838150289,0.135,43644.577000000005,4669.55,-3050.922999999995,55726.46,0,2
212,20240802,212,5,7,2,8,2,1,1806.78,0.01,1788.7122,1236.2,552.5121999999999,2009.51,0,1
213,20240702,213,93,8,1,1,1,6,5758.44,0.1,31095.576,3177.43,12030.996000000005,35180.69,0,8
214,20240424,214,90,3,2,2,1,6,4304.34,0.16,21693.8736,3202.87,2476.653599999998,25202.49,0,10
215,20240122,215,84,6,1,7,1,10,540.15,0.06,5077.41,421.47,862.7099999999991,6039.37,0,9
216,20240315,216,26,3,2,2,2,10,3344.81,0.17,27761.923,2060.01,7161.822999999997,39495.94,0,5
217,20240219,217,46,3,2,15,1,7,4083.24,0.2,22866.144,2743.58,3661.0840000000026,32692.36,0,13
218,20240514,218,12,9,2,3,2,8,4699.98,0.13,32711.8608,2598.63,11922.820799999998,42575.09,0,3
219,20240130,219,14,2,2,5,2,3,2542.17,0.18,6253.738200000001,1280.2,2413.1382000000003,8363.86,0,6
220,20240323,220,27,1,1,13,2,7,2183.81,0.03,14828.0699,1644.98,3313.2099,14423.16,1,7
221,20240328,221,11,1,1,11,1,5,1769.5,0.1,7962.75,1468.39,620.7999999999993,9835.37,0,12
222,20240303,222,31,10,2,15,2,7,3760.0,0.0,26320.0,2173.77,11103.61,25893.76,1,3
223,20240811,223,2,3,2,7,1,7,4104.5,0.17,23847.145,3153.68,1771.385000000002,27795.34,0,10
224,20241202,224,59,6,2,16,2,4,1984.25,0.23,6111.49,1066.94,1843.73,8275.02,0,7
225,20240503,225,17,9,1,6,1,5,1717.51,0.16,7213.541999999999,1353.56,445.7420000000002,8117.08,0,13
226,20240726,226,8,8,1,19,1,3,5050.94,0.24,11516.1432,2811.03,3083.0532000000003,16851.57,0,12
227,20240314,227,59,6,1,4,2,2,4163.98,0.17,6912.206799999999,3090.51,731.1867999999986,8904.27,0,4
228,20240401,228,60,1,1,11,1,5,3365.5,0.02,16490.95,2778.49,2598.500000000002,16019.14,1,10
229,20241026,229,11,10,2,6,2,5,2135.04,0.21,8433.408000000001,1810.6,-619.5919999999987,11771.96,0,7
230,20240110,230,4,6,1,13,2,8,4924.55,0.12,34668.832,3746.91,4693.552000000003,45417.18,0,2
231,20240315,231,20,1,2,16,2,10,1751.68,0.11,15589.952,1307.26,2517.351999999999,17232.18,0,6
232,20240902,232,9,3,1,11,1,5,3238.44,0.15,13763.37,2327.08,2127.970000000001,17197.81,0,10
233,20241109,233,24,4,1,14,1,10,1536.62,0.22,11985.636,1173.65,249.1360000000004,17454.86,0,12
234,20241014,234,22,1,2,1,2,1,279.03,0.14,239.9658,162.26,77.70579999999998,259.51,0,2
235,20240216,235,84,8,1,3,1,5,2177.75,0.13,9473.2125,1144.27,3751.8624999999993,11303.36,0,9
236,20240923,236,77,10,1,7,2,9,423.0760674157304,0.11,3388.8393,387.38,-97.58069999999998,5057.99,0,2
237,20240825,237,25,2,1,7,2,11,962.62,0.11,9424.0498,507.55,3840.999800000001,12371.6,0,7
238,20240509,238,47,6,1,8,2,2,4643.75,0.13,8080.125,2720.37,2639.385,9491.88,0,1
239,20241119,239,47,5,2,9,1,11,5132.45,0.03,54763.2415,3565.52,15542.521499999995,51823.69,1,13
240,20240306,240,53,10,2,9,1,1,5968.06,0.09,5430.9346000000005,3819.71,1611.2246000000005,6851.89,0,10
241,20241104,241,64,9,2,2,1,10,3096.71,0.15,26322.035,1759.35,8728.535,34239.28,0,10
242,20240202,242,14,7,1,11,1,8,331.59,0.19,2148.7032,289.45,-166.89679999999998,2458.23,0,12
243,20240209,243,94,10,1,9,2,11,2627.76,0.2,23124.288,1967.2,1485.0879999999995,29948.84,0,3
244,20240202,244,95,5,2,4,1,1,5216.48,0.11,4642.6672,4624.65,18.01720000000023,5638.85,0,14
245,20240320,245,59,8,1,15,2,7,2253.43,0.04,15143.049599999998,1204.27,6713.159599999999,16489.48,0,2
246,20240209,246,73,3,1,2,1,11,4461.9,0.1,44172.81,2364.89,18159.02,53364.81,0,14
247,20240514,247,10,1,1,6,2,5,731.32,0.05,3473.77,640.02,273.6700000000001,3427.87,1,6
248,20241111,248,57,9,2,14,1,5,4899.36,0.14,21067.248,3008.07,6026.897999999999,23518.45,0,9
249,20240608,249,4,6,1,9,1,7,5554.87,0.21,30718.4311,3102.02,9004.291099999999,36043.08,0,14
250,20240415,250,15,9,1,9,1,1,3604.59,0.17,2991.8097,3022.33,-30.52030000000013,4190.15,0,14
251,20241015,251,96,8,2,12,1,2,2344.22,0.07,4360.249199999999,2080.45,199.34919999999968,4422.06,0,9
252,20240216,252,5,4,1,10,1,4,2937.72,0.04,11280.8448,1856.98,3852.924799999999,11671.03,0,8
253,20241128,253,31,3,2,11,1,8,2225.72,0.1,16025.184,1469.99,4265.263999999999,20590.55,0,8
254,20240331,254,89,5,2,7,2,1,3386.18,0.07,3149.1474,2825.1,324.0473999999999,3960.9,0,1
255,20241022,255,19,1,2,11,1,4,1205.84,0.16,4051.6224,1016.89,-15.937600000000202,5615.24,0,14
256,20240327,256,84,3,1,12,2,1,4103.08,0.07,3815.8644,3504.35,311.5143999999996,4430.65,0,6
257,20241107,257,61,1,2,2,1,11,334.78,0.09,3351.1478,255.99,535.2577999999999,3533.76,0,10
258,20241207,258,55,5,1,3,1,9,653.4,0.03,5704.181999999999,494.21,1256.2919999999997,6336.82,0,13
259,20240319,259,82,7,2,9,1,3,4299.28,0.13,11221.1208,3715.34,75.10080000000016,14524.16,0,8
260,20240202,260,55,9,1,19,2,9,4623.83,0.12,36620.7336,4028.7,362.43360000000393,46863.22,0,3
261,20240422,261,4,6,2,3,2,4,1992.53,0.22,6216.6936000000005,1086.53,1870.5736000000009,8935.34,0,6
262,20241019,262,29,3,1,20,1,8,4690.65,0.19,30395.412,3931.41,-1055.8679999999986,40774.86,0,10
263,20241030,263,97,10,1,17,2,9,2979.3,0.08,24668.604000000003,2334.03,3662.3340000000026,27452.91,0,6
264,20240212,264,56,4,1,9,2,10,5277.7,0.08,48554.84,4114.18,7413.040000000001,50261.96,0,6
265,20241025,265,98,2,2,12,1,1,5762.34,0.23,4437.0018,3781.54,655.4618,6062.44,0,11
266,20240827,266,29,9,1,10,2,3,750.84,0.09,2049.7932,576.65,319.84320000000025,2178.52,0,4
267,20240622,267,50,10,1,14,1,5,3547.06,0.19,14365.593,2150.8,3611.5930000000008,19833.08,0,11
268,20240602,268,65,10,1,11,2,3,320.12,0.13,835.5132,184.39,282.3432,1030.89,0,1
269,20240106,269,15,4,2,20,1,6,192.14,0.01,1141.3116,101.35,533.2116000000001,1363.1,0,10
270,20240920,270,92,2,2,3,1,9,2904.5,0.22,20389.59,1497.75,6909.84,31128.27,0,14
271,20240204,271,20,4,2,4,2,10,5284.41,0.15,44917.485,2695.11,17966.385,62853.72,0,4
272,20241006,272,71,6,2,20,2,5,2186.92,0.24,8310.296,1235.71,2131.746,12916.58,0,2
273,20241108,273,25,5,2,17,2,8,4299.57,0.13,29925.0072,3215.29,4202.687199999997,40204.95,0,4
274,20240717,274,41,9,1,19,1,3,4006.09,0.1,10816.443,3510.35,285.39300000000185,12874.92,0,10
275,20240214,275,44,6,1,13,2,1,1555.25,0.08,1430.8300000000002,1227.93,202.9000000000001,1714.46,0,6
276,20240302,276,43,7,1,7,2,4,1200.43,0.17,3985.4276,719.25,1108.4276,4501.43,0,1
277,20240228,277,99,4,2,2,2,11,3060.65,0.09,30637.1065,2497.98,3159.326500000003,38355.58,0,1
278,20240112,278,84,1,2,6,2,6,3081.114606741573,0.11,16453.152,2245.46,2980.391999999998,22355.05,0,2
279,20241020,279,55,9,2,10,2,7,795.3,0.03,5400.087,429.61,2392.817,5628.25,0,1
280,20240327,280,82,4,1,17,2,11,2905.26,0.21,25246.709400000003,1987.44,3384.869400000003,36997.66,0,6
281,20240421,281,15,8,1,3,2,7,2773.11606741573,0.11,17276.5131,1826.59,4490.383100000001,23734.66,0,1
282,20240828,282,91,5,2,9,1,5,2355.14,0.23,9067.289,1242.72,2853.6889999999985,12561.77,0,11
283,20240626,283,100,6,2,13,2,11,4820.49,0.05,50374.1205,2508.39,22781.8305,49367.06,1,6
284,20240331,284,91,1,2,2,2,11,3410.02,0.15,31883.687,2533.65,4013.537,35716.89,0,6
285,20240628,285,46,3,1,12,1,1,5573.25,0.15,4737.2625,3827.75,909.5124999999998,5183.85,0,13
286,20240802,286,63,4,2,3,1,1,4411.6,0.2,3529.2800000000007,2927.47,601.8100000000009,4583.65,0,11
287,20240414,287,72,1,1,19,1,8,2572.72,0.21,16259.5904,2181.4,-1191.6096000000016,20433.23,0,14
288,20241025,288,70,4,1,15,1,7,3579.73,0.11,22301.7179,2918.11,1874.9478999999992,23666.49,0,12
289,20241028,289,58,3,1,5,1,8,1498.85,0.12,10551.904,916.92,3216.543999999999,13685.88,0,8
290,20240216,290,8,8,2,18,1,1,3216.54,0.01,3184.3746,2746.83,437.5446000000002,3335.89,0,14
291,20241220,291,66,9,2,7,1,10,712.75,0.19,5773.275000000001,498.88,784.4750000000004,8209.6,0,11
292,20241215,292,70,3,2,3,1,4,514.22,0.13,1789.4856,393.19,216.7256,2007.25,0,8
293,20241021,293,15,3,2,17,2,2,5027.54,0.14,8647.3688,3141.37,2364.6288000000004,9992.93,0,3
294,20240904,294,14,9,1,19,2,4,1702.52,0.07,6333.3744,1131.8,1806.1744,7689.37,0,6
295,20240616,295,93,7,1,11,1,4,5008.92,0.13,17431.0416,4096.01,1047.0015999999996,24012.77,0,13
296,20240910,296,93,3,1,16,2,8,5205.28,0.08,38310.8608,3057.58,13850.220800000005,42538.82,0,5
297,20241004,161,82,7,1,18,2,11,5971.04,0.12,57799.6672,4094.03,12765.337200000002,65778.74,0,4
298,20240317,297,70,7,2,4,2,6,4822.41,0.07,26909.0478,3854.51,3781.9877999999953,30820.76,0,5
299,20240910,298,49,1,1,8,1,10,3886.31,0.18,31867.742,2621.43,5653.442000000003,38519.39,0,14
300,20240126,299,66,1,2,17,1,9,1222.5633707865168,0.11,9792.7326,731.1599999999999,3212.2926,10368.93,0,14
301,20240327,300,35,3,2,1,2,8,305.73,0.22,1907.7552000000005,222.4,128.55520000000024,2319.35,0,2
302,20240804,301,47,6,2,10,1,2,3947.54,0.04,7579.2768,3511.96,555.3567999999996,7236.75,1,11
303,20240803,302,10,8,1,1,2,6,5330.64,0.07,29744.9712,3118.86,11031.8112,33828.36,0,4
304,20241217,303,81,4,1,17,1,6,5944.06,0.13,31027.9932,3897.59,7642.4532,42581.11,0,9
305,20240628,304,41,8,1,10,2,2,5814.71,0.08,10699.0664,3806.1,3086.8664,10734.64,0,4
306,20240610,305,68,10,2,9,2,9,381.11,0.12,3018.3912,282.57,475.2611999999999,3493.67,0,3
307,20240810,306,32,7,1,20,1,3,2724.91,0.18,6703.278600000001,1509.12,2175.918600000001,8536.63,0,14
308,20240409,307,49,5,1,5,1,6,2019.39,0.23,9329.5818,1436.0,713.5817999999999,13015.83,0,9
309,20240618,308,42,7,1,3,1,11,4106.1,0.19,36585.35100000001,3663.69,-3715.238999999994,49501.05,0,14
310,20240906,309,18,9,2,16,2,10,3046.14,0.08,28024.488,2150.29,6521.587999999996,32640.39,0,3
311,20240418,310,54,8,1,12,1,4,5674.34,0.04,21789.4656,4384.61,4251.025600000001,26261.0,0,14
312,20240622,311,51,10,1,16,1,11,3020.57,0.22,25916.490600000005,2336.5,214.99060000000463,35548.35,0,14
313,20241216,312,18,3,1,20,2,7,372.0368888888889,0.1,2343.8324,275.58,414.77239999999983,3326.91,0,5
314,20240410,313,76,5,1,15,1,5,127.58,0.1,574.11,80.18,173.20999999999998,585.58,0,12
315,20241208,314,46,7,2,12,2,4,3801.86,0.02,14903.2912,2033.49,6769.3312,13950.51,1,1
316,20241028,315,37,1,2,19,2,9,2266.7,0.05,19380.285,1594.46,5030.145,21899.32,0,1
317,20240410,316,9,7,2,9,2,11,3581.9,0.01,39006.891,2108.76,15810.531000000004,37487.83,1,6
318,20240806,317,35,10,2,14,1,11,2129.64,0.11,20849.1756,1200.92,7639.055599999998,26791.68,0,9
319,20241215,318,101,4,1,4,1,11,5209.48,0.15,48708.638,3313.02,12265.417999999998,59797.13,0,12
320,20240926,319,38,4,2,3,1,8,5195.901818181818,0.12,36579.1488,2925.530000000001,13174.908799999994,42294.56,0,13
321,20240125,320,13,10,2,6,2,7,874.46,0.19,4958.1882000000005,780.04,-502.0917999999992,5629.84,0,3
322,20240306,321,35,9,2,18,2,4,1197.6,0.1,4311.36,946.03,527.2399999999998,5213.47,0,1
323,20240621,322,19,2,1,17,1,1,671.69,0.12,591.0872,459.45,131.63720000000006,644.15,0,8
324,20240111,323,65,5,2,10,2,7,5600.96,0.16,32933.6448,4195.01,3568.574800000002,45969.33,0,4
325,20240423,324,16,6,2,6,1,8,3999.7,0.02,31357.648,2192.42,13818.287999999997,33503.38,0,8
326,20240416,325,12,5,1,16,1,2,2263.94,0.19,3667.5828,1905.75,-143.91719999999987,4453.09,0,12
327,20241021,326,98,3,2,16,1,6,3818.64,0.16,19245.9456,2960.31,1484.0855999999983,26977.56,0,12
328,20241031,327,55,9,2,19,2,11,4828.17,0.15,45143.3895,2712.05,15310.839499999996,56029.61,0,7
329,20241207,328,52,7,2,4,1,6,5105.453571428571,0.16,25731.486,2988.0000000000005,7803.485999999997,27318.3,0,9
330,20240714,329,85,10,2,8,1,4,2026.63,0.16,6809.4768,1674.06,113.23680000000058,8890.72,0,10
331,20241213,273,86,5,1,11,1,3,2859.3,0.15,7291.215000000001,2537.02,-319.84499999999844,8414.01,0,8
332,20240409,330,15,10,1,10,1,6,2635.26,0.13,13756.0572,1858.96,2602.297200000001,18413.38,0,14
333,20240607,331,102,10,2,18,1,6,3381.65,0.17,16840.617000000002,1843.2,5781.417000000001,23680.8,0,11
334,20241215,332,33,2,2,9,2,2,1357.62,0.1,2443.716,988.17,467.376,2808.52,0,5
335,20241213,333,91,2,1,3,2,8,1630.85,0.06,12263.991999999998,1025.45,4060.391999999998,14185.41,0,1
336,20241105,334,75,8,1,8,2,6,5792.88,0.18,28500.9696,3151.52,9591.8496,39782.68,0,2
337,20240522,335,96,9,2,6,1,2,2917.38,0.12,5134.5888,2610.51,-86.43119999999999,6378.27,0,10
338,20241031,336,63,6,2,2,1,10,3043.55,0.19,24652.755,2038.95,4263.255000000001,33166.17,0,9
339,20241205,337,103,6,2,7,1,7,1365.44,0.13,8315.5296,700.81,3409.8596,8926.03,0,11
340,20240424,338,62,9,2,16,1,8,203.52,0.11,1449.0624,130.31,406.5824,1898.58,0,12
341,20241221,339,43,9,1,11,2,3,3556.15,0.24,8108.022000000001,1938.27,2293.2120000000014,11093.79,0,2
342,20240803,340,102,5,1,1,1,3,1010.33,0.1,2727.891,560.03,1047.8010000000002,3241.85,0,13
343,20241213,341,33,5,2,2,1,8,4624.54,0.14,31816.8352,2453.02,12192.675199999998,40112.51,0,9
344,20240520,342,23,2,1,11,2,4,523.67,0.03,2031.8396,271.47,945.9595999999996,2488.02,0,2
345,20241031,343,64,8,1,14,2,1,1000.82,0.22,780.6396000000001,817.39,-36.7503999999999,1137.6,0,2
346,20240514,344,104,9,2,19,2,4,5565.71,0.04,21372.3264,4392.99,3800.366399999999,23135.4,0,1
347,20240122,345,66,8,2,2,1,1,5727.735280898876,0.11,5097.6844,3524.89,1572.7944000000002,7096.72,0,12
348,20240726,346,58,2,1,1,1,9,1491.18,0.12,11810.145600000002,1165.44,1321.1856000000007,14326.44,0,10
349,20240829,347,85,2,2,6,2,3,4886.29,0.02,14365.692599999998,3018.59,5309.922599999998,13937.69,1,6
350,20240315,348,41,9,1,3,1,11,5222.63,0.24,43661.1868,4130.13,-1770.2431999999972,58132.02,0,10
351,20241126,349,31,3,2,1,1,3,775.58,0.16,1954.4616,694.38,-128.67839999999978,2501.51,0,14
352,20240829,350,98,10,1,10,1,6,704.73,0.01,4186.0962,424.09,1641.5562,4973.96,0,8
353,20240125,351,31,4,1,4,2,3,1974.79,0.16,4976.4708,1666.05,-21.679199999999582,5364.3,0,1
354,20240507,352,28,1,2,3,1,1,5879.77,0.18,4821.411400000001,4991.57,-170.15859999999884,6186.2,0,12
355,20241018,353,89,8,1,18,1,9,2086.95,0.06,17655.596999999998,1692.93,2419.226999999997,21786.82,0,10
356,20240822,354,34,1,2,15,1,10,5897.2,0.2,47177.600000000006,3786.29,9314.700000000004,68989.83,0,12
357,20240228,355,46,2,1,5,1,3,1705.64,0.18,4195.874400000001,1161.73,710.6844000000006,5775.3,0,8
358,20241108,356,99,2,2,3,1,6,2218.32,0.24,10115.5392,1457.17,1372.5192000000006,12293.47,0,11
359,20240411,357,65,2,1,5,2,8,339.05,0.12,2386.9120000000003,178.77,956.7520000000002,2490.6,0,2
360,20240430,358,71,3,1,6,1,9,5535.36,0.01,49320.0576,4594.87,7966.227599999998,53578.17,0,14
361,20240518,359,15,2,1,16,2,9,1156.34,0.06,9782.6364,656.46,3874.496399999999,11967.33,0,7
362,20241203,360,63,1,1,17,1,1,4448.68,0.03,4315.2196,2474.21,1841.0096000000003,4529.5,0,14
363,20241017,361,21,8,2,13,1,4,1582.61,0.1,5697.396,1348.64,302.83599999999933,7191.9,0,14
364,20241205,362,85,1,2,3,1,3,4229.76,0.03,12308.6016,3746.3,1069.7015999999985,14507.98,0,10
365,20241126,363,24,5,2,3,1,10,2236.23,0.24,16995.347999999998,1906.49,-2069.552000000004,25037.08,0,10
366,20240426,364,45,4,1,11,2,10,4585.53,0.02,44938.194,3279.73,12140.893999999991,51237.32,0,5
367,20240629,365,62,3,2,9,1,1,4598.34,0.18,3770.6388000000006,2613.49,1157.1488000000008,4740.03,0,12
368,20240501,366,44,6,1,10,2,8,1293.49,0.06,9727.0448,770.19,3565.5247999999992,10330.17,0,5
369,20240202,367,105,4,1,17,2,6,717.51,0.17,3573.1997999999994,640.95,-272.50020000000086,4764.99,0,6
370,20240830,368,103,7,2,8,2,7,106.02,0.16,623.3976,62.99,182.4676,812.74,0,5
371,20240821,369,93,7,1,17,1,10,797.9522727272728,0.12,7021.9800000000005,650.12,520.7800000000007,9250.84,0,9
372,20240424,370,88,4,1,9,1,1,3420.611379310345,0.13,2975.9319,2073.88,902.0519,4188.25,0,11
373,20240723,371,40,1,2,10,2,4,2667.74,0.13,9283.7352,1364.94,3823.975199999999,12479.94,0,2
374,20241216,372,95,5,2,5,1,8,545.98,0.19,3537.9504,352.64,716.8304000000003,4837.96,0,14
375,20241220,373,106,10,1,15,2,10,892.58,0.09,8122.478000000001,540.84,2714.0780000000004,8727.69,0,3
376,20240510,374,11,3,1,16,2,3,1541.32,0.02,4531.4808,1296.44,642.1608000000001,4299.57,1,1
377,20240321,375,4,3,1,5,1,1,1756.31,0.21,1387.4849,1412.98,-25.495100000000093,1759.39,0,9
378,20241215,376,13,5,2,20,1,9,1041.48,0.15,7967.321999999999,717.84,1506.7619999999988,8867.73,0,9
379,20241018,377,26,4,1,5,1,1,2673.03,0.16,2245.3452,1397.43,847.9152000000001,2459.96,0,10
380,20240719,378,30,4,2,5,1,3,636.91,0.2,1528.584,563.26,-161.1959999999999,2117.65,0,9
381,20240821,379,80,6,2,9,2,5,3325.37,0.22,12968.943,1778.86,4074.643,16062.13,0,5
382,20240302,380,63,9,1,20,1,8,2505.2,0.14,17235.775999999998,2097.79,453.4559999999983,22769.29,0,14
383,20240117,381,96,4,2,9,2,4,1150.97,0.19,3729.142800000001,576.04,1424.982800000001,4461.64,0,3
384,20240917,382,42,5,2,4,1,1,81.45,0.24,61.902,62.4,-0.4979999999999975,87.44,0,13
385,20240113,383,29,1,1,12,2,8,1586.05,0.08,11673.328,958.98,4001.488,12490.06,0,1
386,20240116,384,2,6,1,14,2,7,3801.53,0.22,20756.353800000004,3288.99,-2266.576199999996,31089.76,0,3
387,20241217,385,70,8,1,3,2,4,5313.43,0.08,19553.422400000003,3581.08,5229.102400000003,20374.92,0,5
388,20240429,386,28,4,1,5,2,11,5043.28,0.22,43271.3424,3525.58,4489.962399999997,61692.68,0,4
389,20241015,387,48,8,1,2,2,7,3863.99,0.04,25966.0128,2052.33,11599.7028,29040.43,0,3
390,20240312,388,42,3,1,20,1,8,4077.8,0.22,25445.472,2082.36,8786.592,35505.99,0,12
391,20240804,389,32,8,1,1,1,7,1279.11,0.0,8953.769999999999,872.1,2849.069999999999,8857.84,1,8
392,20240424,390,107,8,1,15,2,3,2317.54,0.02,6813.567599999999,1199.96,3213.6876,7459.28,0,1
393,20240510,391,82,3,2,17,1,10,2782.23,0.17,23092.509,1596.77,7124.8089999999975,27397.37,0,14
394,20240105,392,56,1,1,1,1,9,1522.45,0.13,11920.7835,1050.46,2466.643500000002,13833.82,0,8
395,20241020,393,8,9,2,4,2,6,593.4,0.19,2883.924,520.0,-236.076,4272.24,0,3
396,20241125,394,62,3,1,6,1,3,1388.92,0.01,4125.0924,796.5,1735.5924000000005,4389.54,0,12
397,20240127,395,3,8,1,4,1,4,1055.48,0.17,3504.1936,762.44,454.43359999999984,4480.96,0,9
398,20240701,396,38,8,2,12,2,10,3151.81,0.16,26475.204,1892.51,7550.103999999999,28959.51,0,5
399,20240325,397,61,1,1,7,2,4,657.5,0.13,2288.1,442.95,516.3,2905.75,0,1
400,20240705,359,77,8,2,18,1,7,773.39,0.03,5251.3181,562.57,1313.3280999999993,6440.63,0,13
401,20240421,398,33,4,1,11,2,2,4446.73,0.06,8359.852399999998,3794.09,771.6723999999977,9882.37,0,2
402,20240501,399,47,5,1,11,2,4,1891.84,0.03,7340.339199999999,1091.06,2976.0992,8017.88,0,5
403,20240416,400,50,7,2,20,1,4,3187.65,0.07,11858.058,2690.4,1096.4579999999987,12545.13,0,13
404,20240209,401,102,2,1,10,2,7,5455.59,0.17,31696.9779,2758.37,12388.387900000002,41234.77,0,3
405,20240513,402,88,10,2,12,2,3,1179.29,0.19,2865.6747,995.42,-120.58529999999972,4173.02,0,4
406,20240820,403,16,10,1,2,1,4,2577.59,0.09,9382.4276,1774.51,2284.387600000001,11096.27,0,12
407,20240321,404,32,3,1,1,1,2,4373.22,0.05,8309.118,2310.11,3688.898,9813.97,0,14
408,20240715,405,107,2,2,1,1,3,3270.29,0.04,9418.435199999998,2477.62,1985.5751999999984,9426.83,0,10
409,20240828,406,26,5,2,10,1,7,3980.31,0.14,23961.4662,3579.2,-1092.9337999999989,29548.72,0,9
410,20240907,407,50,1,2,9,2,9,268.89,0.09,2202.2091,162.44,740.2491,2877.77,0,2
411,20241025,408,25,8,2,10,1,3,173.98,0.07,485.4041999999999,102.99,176.43419999999992,547.13,0,11
412,20240428,409,56,1,2,5,1,11,2237.858390804598,0.13,21416.3048,1545.14,4419.764800000001,26524.29,0,10
413,20241224,410,86,10,1,10,2,5,4671.24,0.12,20553.456,2521.02,7948.355999999998,22061.13,0,4
414,20241012,411,41,5,1,8,2,2,2086.91,0.11,3714.6998,1531.11,652.4798000000001,4176.86,0,7
415,20241009,412,18,6,2,17,2,2,1575.96,0.24,2395.4592,1101.49,192.47920000000025,3751.41,0,5
416,20240812,413,37,1,2,19,2,2,4385.59,0.1,7894.062000000001,3653.42,587.2220000000007,8263.98,0,2
417,20240124,414,32,3,2,16,1,8,3038.75,0.18,19934.2,1615.92,7006.84,27092.9,0,14
418,20241110,415,27,3,2,17,1,1,1059.1,0.12,932.008,707.77,224.238,1132.69,0,9
419,20240801,416,64,2,2,13,2,7,3716.6,0.13,22634.094,2014.61,8531.824000000002,30143.54,0,5
420,20240303,417,54,9,1,4,2,9,2528.12,0.01,22525.5492,1818.54,6158.689199999997,23989.79,0,4
421,20240505,418,80,6,1,11,1,6,5424.59,0.19,26363.5074,3319.18,6448.427400000004,32920.46,0,9
422,20240913,419,23,1,1,15,2,11,1840.5,0.23,15589.035,983.8,4767.235000000001,22525.62,0,5
423,20240420,420,38,1,2,12,2,1,5061.08,0.25,3795.81,4003.72,-207.90999999999983,5409.47,0,1
424,20240320,421,46,10,2,20,1,10,2243.89,0.22,17502.342,1382.23,3680.042000000001,21981.48,0,8
425,20240204,422,66,5,2,4,2,3,3538.63,0.0,10615.89,2922.04,1849.7700000000004,11179.6,0,7
426,20240922,423,25,1,1,14,2,6,636.21,0.16,3206.4984,526.54,47.258400000000165,4104.94,0,4
427,20240410,424,91,10,1,6,2,4,3098.1,0.02,12144.552,2282.59,3014.191999999999,11323.56,1,3
428,20240807,425,42,8,1,17,1,5,2971.1,0.04,14261.28,2078.01,3871.2299999999977,15335.65,0,13
429,20240318,426,36,2,1,2,1,5,5534.12,0.12,24350.128,4886.16,-80.67199999999866,25747.85,0,12
430,20240308,427,81,9,1,9,2,10,3662.12,0.16,30761.808,2829.59,2465.907999999996,39470.43,0,6
431,20241030,428,1,7,2,15,2,4,2095.66,0.02,8214.9872,1765.65,1152.3871999999992,7716.71,1,1
432,20240606,429,107,7,2,1,2,6,4818.99,0.18,23709.4308,3030.05,5529.130799999999,26090.93,0,4
433,20240329,430,54,6,1,6,1,5,5231.39,0.19,21187.129500000003,3676.21,2806.0795000000035,29396.43,0,12
434,20240427,431,69,8,1,13,2,1,5353.89,0.22,4176.0342,3982.91,193.1242000000002,5846.08,0,3
435,20241018,432,30,1,1,6,1,2,2107.08,0.0,4214.16,1663.2,887.7599999999998,3927.38,1,13
436,20241113,433,72,8,2,19,2,8,4492.29,0.06,33782.0208,3801.81,3367.540799999999,35107.81,0,1
437,20241104,434,33,3,1,18,1,1,240.58,0.06,226.1452,195.39,30.7552,268.45,0,11
438,20240131,435,30,10,1,16,2,3,3233.1,0.18,7953.426,2086.03,1695.3360000000002,11382.77,0,7
439,20240318,436,107,2,2,20,1,4,1295.8,0.16,4353.888,1162.67,-296.7920000000004,5544.74,0,14
440,20240731,437,32,1,1,18,1,10,1834.1164285714283,0.16,15406.578,1120.4199999999998,4202.378000000001,14484.53,1,9
441,20241022,438,19,2,2,19,2,5,5982.47,0.07,27818.4855,3761.4,9011.4855,31100.38,0,1
442,20240928,439,27,5,2,12,2,11,3471.35,0.17,31693.4255,2884.11,-31.78450000000521,42016.44,0,3
443,20240306,440,93,4,1,19,2,8,3938.5,0.17,26151.64,2756.29,4101.32,34857.26,0,6
444,20241026,441,32,5,1,12,1,7,2523.36,0.25,13247.64,2204.28,-2182.320000000001,18921.0,0,10
445,20241019,442,20,7,1,19,1,3,1007.04,0.0,3021.12,729.64,832.1999999999998,3560.31,0,13
446,20241118,443,50,5,1,14,2,3,4199.21,0.21,9952.1277,2734.5,1748.627700000001,13364.08,0,5
447,20241206,444,106,10,2,13,2,2,800.97,0.15,1361.649,624.2,113.24900000000002,1697.55,0,4
448,20241206,445,20,4,1,8,2,6,1953.37,0.22,9141.7716,1409.45,685.0715999999993,11955.95,0,7
449,20241027,446,8,1,1,7,2,7,1657.59,0.22,9050.4414,942.43,2453.4314000000004,13364.85,0,6
450,20240328,447,59,8,1,15,2,9,5751.14,0.21,40890.6054,3606.6,8431.205400000003,58732.48,0,7
451,20240810,448,28,8,2,14,1,9,1988.55,0.15,15212.4075,1500.51,1707.8174999999992,20163.19,0,10
452,20241110,449,81,1,1,18,2,8,1528.32,0.2,9781.248,1003.86,1750.3679999999997,13314.59,0,7
453,20240114,450,78,4,2,12,2,5,2681.66,0.01,13274.217,1507.86,5734.917,14147.16,0,7
454,20240608,451,75,8,1,2,2,9,4298.33,0.23,29787.4269,2752.67,5013.396900000003,39081.35,0,5
455,20240820,452,52,9,1,16,1,9,5873.0,0.23,40699.89,4101.9,3782.790000000001,51675.81,0,9
456,20241122,453,70,1,1,12,1,1,624.81,0.19,506.0961,446.99,59.10609999999997,645.8,0,13
457,20241211,454,81,2,1,14,1,4,990.82,0.23,3051.7256,694.68,273.0056000000004,4110.37,0,10
458,20240309,455,72,4,2,20,2,8,2013.38,0.03,15623.8288,1135.71,6538.148800000001,17094.18,0,2
459,20241205,456,38,8,2,14,1,10,2249.0,0.05,21365.5,1442.41,6941.4,24194.89,0,12
460,20241201,341,8,5,1,8,1,10,1574.65,0.02,15431.57,1364.42,1787.369999999999,17544.15,0,11
461,20241126,457,35,1,1,3,1,9,1089.22,0.12,8626.6224,619.53,3050.8524000000007,8865.63,0,10
462,20240917,458,108,10,2,14,1,1,2196.25,0.19,1778.9625,1352.84,426.1225000000002,2103.91,0,13
463,20240204,459,18,2,2,13,1,8,1695.75,0.2,10852.8,1313.56,344.3200000000015,14774.24,0,9
464,20240328,460,15,2,2,4,1,9,2437.28,0.03,21277.4544,1282.21,9737.5644,25887.04,0,12
465,20240708,461,65,6,2,20,2,11,1763.08,0.2,15515.104,1411.98,-16.676000000001295,17957.0,0,1
466,20240501,462,12,4,2,1,1,9,2106.58,0.02,18580.0356,1180.24,7957.875599999999,20968.83,0,9
467,20241123,463,66,2,1,13,1,5,1955.97,0.21,7726.0815,1318.09,1135.6315000000004,9187.02,0,12
468,20241119,464,19,9,2,18,1,7,749.02,0.1,4718.826,667.45,46.67599999999948,5423.85,0,13
469,20240313,465,56,3,2,15,2,1,5723.91,0.08,5265.9972,4263.56,1002.4371999999994,5613.38,0,5
470,20240123,466,59,1,1,1,2,8,992.57,0.06,7464.1264,541.71,3130.4464,7248.26,1,4
471,20241103,467,53,3,2,13,2,1,3370.23,0.18,2763.5886,2421.22,342.36860000000024,3480.01,0,4
472,20241217,468,58,1,1,6,1,2,4287.82,0.14,7375.050399999999,3463.11,448.8303999999989,8779.58,0,8
473,20241223,469,109,4,2,20,2,9,2463.53,0.09,20176.3107,1685.59,5006.000700000002,24690.26,0,2
474,20240930,470,15,5,2,2,2,5,1650.27,0.11,7343.7015,1065.18,2017.8015,7757.96,0,6
475,20240102,471,98,5,1,13,2,7,984.36,0.16,5788.0368,879.71,-369.9332000000004,7842.49,0,4
476,20240728,472,66,6,1,20,1,5,5041.64,0.14,21679.052,3332.61,5016.002,28100.63,0,13
477,20241027,473,20,1,1,1,2,2,3588.82,0.13,6244.5468,3202.09,-159.63320000000022,8586.26,0,1
478,20240101,474,1,6,2,9,1,9,5921.74,0.23,41037.6582,4703.05,-1289.7918000000063,62111.08,0,9
479,20241122,475,57,7,1,5,1,2,2599.94,0.09,4731.8908,2034.7,662.4908,5113.56,0,13
480,20240218,476,36,10,1,17,2,1,2856.84,0.2,2285.472,1458.87,826.6020000000003,2660.09,0,4
481,20240207,477,30,3,1,20,2,2,1973.02,0.12,3472.5152,1006.68,1459.1552,4487.15,0,5
482,20240510,478,66,1,2,6,1,3,3785.71,0.24,8631.418800000001,2197.69,2038.3488000000016,10473.57,0,8
483,20240912,479,43,1,2,9,1,7,832.48,0.15,4953.256,519.06,1319.8360000000007,5839.09,0,11
484,20240503,480,12,6,2,7,2,8,1569.56,0.21,9919.6192,1067.23,1381.7792000000009,12534.62,0,5
485,20241107,481,110,2,1,3,1,11,5132.95,0.25,42346.8375,3183.6,7327.237499999996,60141.46,0,14
486,20241027,482,13,4,1,12,2,8,4744.15,0.06,35676.007999999994,2442.8,16133.607999999993,39969.07,0,4
487,20241005,483,86,2,1,9,1,7,2867.56,0.1,18065.628,2275.62,2136.2880000000005,19548.13,0,14
488,20240917,484,92,6,2,15,2,3,1799.37,0.23,4156.5447,1447.03,-184.54530000000068,5954.14,0,6
489,20240702,485,18,5,2,1,2,3,88.95,0.17,221.4855,46.06,83.3055,265.44,0,1
490,20240605,486,18,1,1,14,2,11,2093.61,0.1,20726.739,1532.41,3870.229,26027.41,0,3
491,20240529,487,107,8,2,1,1,1,5234.29,0.24,3978.0604,4168.73,-190.6695999999997,5300.19,0,13
492,20241217,488,64,2,1,4,2,4,3616.19,0.2,11571.808,2313.55,2317.608,17289.74,0,2
493,20240326,489,108,7,2,16,1,6,4100.66,0.11,21897.5244,3121.14,3170.6843999999983,27281.41,0,14
494,20241012,490,91,4,1,15,2,10,5930.84,0.0,59308.4,4457.75,14730.9,64565.59,0,6
495,20241122,491,19,2,2,5,1,1,4506.77,0.21,3560.348300000001,4055.22,-494.8716999999992,5023.18,0,12
496,20240429,492,23,8,1,13,1,5,3343.53,0.21,13206.9435,2859.87,-1092.406499999997,17070.0,0,11
497,20240111,493,111,10,1,18,1,10,2551.51,0.25,19136.325,1789.35,1242.8250000000007,26847.19,0,10
498,20240517,494,21,7,2,8,1,8,1512.82,0.2,9682.048,1121.54,709.728000000001,12640.83,0,10
499,20240615,495,8,5,1,18,1,3,4796.15,0.03,13956.7965,3852.98,2397.856499999998,16200.21,0,12
500,20240501,496,63,4,1,17,2,11,1339.9713294797689,0.135,12749.8272,886.4,2999.4272,14788.49,0,3
501,20240607,497,35,3,1,5,1,6,966.43,0.03,5624.6226,609.59,1967.0826,5333.33,1,11
502,20240204,498,54,4,2,13,2,8,1575.42,0.19,10208.7216,965.82,2482.1616000000004,14316.38,0,4
503,20240208,499,112,4,2,4,2,9,2718.16,0.11,21772.4616,2322.05,874.011599999998,27539.76,0,3
504,20240622,500,42,5,2,20,2,1,652.31,0.07,606.6483,457.95,148.69829999999996,680.18,0,3
505,20240118,501,73,5,1,14,2,11,4577.12,0.04,48334.3872,2654.44,19135.5472,50712.7,0,6
506,20240924,502,4,7,1,15,2,9,5499.79,0.0,49498.11,3883.44,14547.15,48184.46,1,3
507,20240612,503,58,2,1,12,2,5,1075.07,0.01,5321.5965,785.34,1394.8964999999994,6305.7,0,4
508,20241220,504,113,1,2,12,1,6,4186.63,0.01,24868.5822,2879.82,7589.662199999995,28530.14,0,14
509,20240903,505,92,1,2,10,2,9,2948.95,0.19,21497.8455,2394.57,-53.28450000000157,29055.65,0,6
510,20240826,506,49,10,1,12,1,7,5127.05,0.14,30864.841,2789.25,11340.090999999997,42863.29,0,12
511,20240417,507,88,7,2,7,1,8,1869.96,0.21,11818.1472,1456.4,166.94720000000052,14203.03,0,8
512,20240214,508,9,5,2,12,1,11,1731.27,0.19,15425.615700000002,1043.93,3942.3857000000007,22519.43,0,9
513,20240126,509,16,1,2,8,1,7,5328.26,0.23,28719.3214,3504.67,4186.631399999998,40459.58,0,13
514,20241206,510,19,3,1,4,2,3,294.41544444444446,0.1,794.9217000000001,242.9,66.22170000000006,909.94,0,1
515,20240817,511,37,4,2,6,1,5,4434.74,0.08,20399.804,2391.17,8443.953999999996,21007.66,0,11
516,20240522,512,91,5,1,6,2,5,798.21,0.1,3591.945,437.34,1405.2450000000003,4183.97,0,7
517,20241030,513,53,9,1,7,1,6,3537.39,0.22,16554.9852,2944.46,-1111.7748000000029,24883.21,0,13
518,20240218,514,15,10,2,17,2,6,1169.37,0.04,6735.571199999999,863.22,1556.2511999999997,7740.33,0,3
519,20241210,515,5,6,1,1,2,8,1942.13,0.05,14760.188,1427.84,3337.4680000000008,14430.76,1,7
520,20241101,516,30,3,2,13,1,7,3132.88,0.08,20175.7472,2175.37,4948.1572000000015,22660.08,0,9
521,20240115,517,48,1,2,6,1,4,86.51,0.03,335.6588,64.05,79.4588,335.01,1,14
522,20240718,518,90,2,2,12,2,6,2793.579310344828,0.13,14582.484,2247.9,1095.083999999999,19009.11,0,3
523,20240213,519,88,8,2,6,1,5,2303.64,0.06,10827.107999999998,1325.41,4200.057999999998,12101.72,0,9
524,20241124,520,28,7,2,2,2,9,2459.12,0.18,18148.3056,1695.47,2889.0756,22586.21,0,7
525,20240201,521,102,8,2,9,1,5,1428.08,0.01,7068.995999999999,748.58,3326.095999999999,7329.13,0,11
526,20240928,522,88,10,2,3,2,8,2504.43,0.02,19634.7312,1596.82,6860.171199999999,18614.23,1,3
527,20240623,523,1,7,2,20,2,9,1723.5,0.19,12564.315,1308.28,789.7950000000001,16182.01,0,3
528,20240218,524,95,7,2,17,1,6,4429.788165680474,0.155,22459.026,2733.5800000000004,6057.545999999999,27873.14,0,11
529,20240126,525,19,2,2,5,1,11,1894.41,0.09,18963.044100000003,1111.3,6738.744100000004,19769.32,0,9
530,20241005,526,32,1,1,10,2,6,2262.61,0.16,11403.5544,1818.91,490.0943999999981,12821.61,0,2
531,20241209,527,57,3,2,20,1,11,1608.52,0.21,13978.038800000002,1201.97,756.368800000002,17547.97,0,12
532,20240504,528,48,3,1,10,2,2,3704.16,0.17,6148.905599999999,3082.84,-16.77440000000115,7206.8,0,3
533,20240518,529,32,4,1,4,2,11,2116.53,0.19,18858.282300000003,1128.81,6441.372300000003,26344.9,0,5
534,20240212,530,110,9,1,1,1,7,931.2,0.02,6388.032,710.79,1412.5020000000004,6288.88,1,9
535,20240504,531,28,6,1,12,1,8,4450.68,0.04,34181.2224,2306.33,15730.5824,36737.57,0,9
536,20240305,532,21,1,2,8,2,4,3340.18,0.02,13093.5056,2703.21,2280.6655999999984,15040.29,0,1
537,20241215,533,75,1,1,17,2,11,2804.27,0.2,24677.576,1603.68,7037.096000000001,35100.68,0,5
538,20241019,534,32,4,1,1,2,10,4888.21,0.01,48393.279,3926.3,9130.278999999997,51405.64,0,1
539,20240930,535,87,3,2,6,1,5,3174.04,0.22,12378.756,2278.65,985.5060000000012,18441.39,0,14
540,20240712,536,89,9,1,5,2,2,962.07,0.02,1885.6572,698.05,489.5572000000002,2176.22,0,3
541,20240828,537,70,4,1,12,2,7,116.97,0.22,638.6562,78.91,86.28620000000001,828.79,0,4
542,20241210,538,9,7,2,12,1,5,1527.36,0.18,6262.176,806.74,2228.476,8225.56,0,12
543,20240105,539,81,6,1,9,2,6,5715.3,0.12,30176.784000000003,4520.21,3055.5240000000013,40315.48,0,4
544,20241110,540,58,7,2,2,2,8,2346.08,0.24,14264.1664,1508.37,2197.206400000001,19052.21,0,6
545,20240413,541,48,5,1,19,2,1,713.02,0.22,556.1556,361.61,194.54560000000004,734.29,0,2
546,20240603,542,43,10,2,5,1,6,1422.34,0.07,7936.657199999999,1244.16,471.6971999999978,8284.73,0,13
547,20240822,543,92,2,1,3,2,5,4010.67,0.09,18248.5485,2891.37,3791.698500000002,18882.01,0,6
548,20240324,544,40,9,2,12,2,2,5438.03,0.19,8809.6086,3056.29,2697.0286,9843.41,0,6
549,20240801,545,19,9,1,6,2,1,4017.74,0.22,3133.8372,2534.91,598.9272000000001,3945.15,0,5
550,20241104,345,16,8,1,16,2,7,5500.597701149425,0.13,33498.64,4226.59,3912.5099999999984,49960.31,0,1
551,20241111,546,53,7,1,5,2,3,5027.3,0.11,13422.891,3506.93,2902.1010000000024,14353.52,0,1
552,20240710,547,5,9,2,13,1,4,5568.59,0.18,18264.9752,3156.63,5638.4552,24000.72,0,8
553,20240724,548,53,5,1,7,2,1,3433.18,0.22,2677.8804,1902.23,775.6504,3505.16,0,1
554,20240704,549,60,4,2,18,1,2,1076.12,0.18,1764.8368,568.32,628.1967999999999,2345.03,0,13
555,20240709,550,10,10,2,11,1,4,5191.56,0.03,20143.2528,3981.93,4215.532800000003,24795.17,0,14
556,20240730,551,5,6,2,17,1,10,5667.48,0.21,44773.092,5009.62,-5323.108,57578.82,0,13
557,20240303,552,14,4,1,12,1,4,973.26,0.14,3348.0144,694.13,571.4944,4564.86,0,8
558,20240815,553,107,8,2,8,2,8,5909.72,0.14,40658.8736,5161.02,-629.2864000000045,55119.29,0,3
559,20241007,554,83,8,2,19,2,9,507.09,0.07,4244.3433,324.38,1324.9232999999997,4211.86,1,6
560,20240114,555,96,1,1,17,1,11,4650.83,0.17,42462.0779,2527.61,14658.367899999994,54805.38,0,13
561,20241202,556,64,10,1,9,1,3,257.05,0.18,632.3430000000001,227.54,-50.27699999999993,880.53,0,11
562,20241209,557,84,6,1,16,1,1,4640.42,0.24,3526.7192,3205.79,320.92920000000004,4611.74,0,10
563,20240203,558,27,2,1,1,2,3,2719.49,0.02,7995.3006,2064.98,1800.360599999999,7741.25,1,7
564,20240702,268,85,5,2,17,1,2,1143.33,0.01,2263.7934,901.13,461.5334,2314.23,0,10
565,20240612,559,25,6,2,3,2,9,5308.1,0.07,44428.797,4149.68,7081.676999999996,50102.79,0,6
566,20241222,560,5,7,2,16,2,5,1645.38,0.08,7568.748000000001,1136.31,1887.198000000002,8575.43,0,2
567,20240331,561,48,2,1,19,2,5,5765.54,0.23,22197.329,5037.34,-2989.370999999999,28865.39,0,1
568,20241226,562,107,5,1,17,2,3,1867.38,0.05,5322.033,1311.23,1388.3430000000003,6688.27,0,4
569,20241102,563,48,4,1,10,1,7,4164.89,0.01,28862.6877,2379.34,12207.3077,26965.79,1,14
570,20240115,564,107,9,2,5,1,11,4751.78,0.14,44951.8388,2435.71,18159.0288,47269.04,0,13
571,20241008,244,77,6,2,12,1,6,3557.73,0.09,19425.205800000003,2105.67,6791.185800000003,21532.38,0,13
572,20240322,565,14,8,2,17,2,6,4154.52,0.06,23431.4928,3346.76,3350.9327999999987,29049.79,0,2
573,20240917,566,70,8,1,9,2,8,3703.72,0.19,24000.1056,2209.1,6327.3056,29944.89,0,1
574,20240404,567,82,5,1,6,1,6,4173.52,0.18,20533.718400000005,2660.92,4568.198400000005,28659.98,0,8
575,20240720,568,88,3,2,15,1,3,4944.0,0.02,14535.36,2994.87,5550.75,14818.65,0,13
576,20240111,569,24,3,1,15,2,7,1027.9,0.08,6619.676000000001,689.61,1792.4060000000009,8282.46,0,2
577,20240601,570,5,9,1,10,2,7,2455.45,0.09,15641.2165,1981.92,1767.776499999998,19267.48,0,7
578,20240331,571,71,3,1,4,1,3,3092.84,0.18,7608.386400000001,2655.28,-357.4535999999989,8421.13,0,11
579,20240121,572,20,5,1,14,2,2,5891.99,0.06,11076.9412,4793.59,1489.761199999999,13447.58,0,3
580,20240512,573,29,1,2,5,1,11,5822.91,0.0,64052.01,4300.77,16743.539999999994,72103.37,0,10
581,20240319,574,58,4,1,5,1,1,615.81,0.1,554.2289999999999,360.5,193.729,626.45,0,9
582,20240929,575,43,3,2,7,2,3,467.63,0.02,1374.8321999999998,310.62,442.9721999999998,1651.38,0,6
583,20240217,576,81,9,1,2,1,8,1531.59,0.21,9679.6488,1178.38,252.60879999999813,12317.08,0,14
584,20240909,577,58,6,2,9,1,11,1084.77,0.24,9068.6772,848.85,-268.6728000000003,11595.55,0,14
585,20240825,578,81,10,2,12,2,6,1182.5307142857143,0.16,5959.9548,650.56,2056.5948000000008,8046.83,0,3
586,20241219,579,87,8,1,18,2,7,3666.19,0.08,23610.2636,2092.12,8965.423600000002,27085.3,0,1
587,20240706,580,47,3,2,14,1,1,3850.89,0.04,3696.8544,2425.33,1271.5243999999998,4003.5,0,10
588,20240415,581,88,7,1,10,2,11,1063.29,0.2,9356.952,635.75,2363.702,13840.41,0,7
589,20240602,582,26,3,2,19,1,1,5570.07,0.21,4400.3553,4521.36,-121.0046999999995,5943.29,0,12
590,20240614,583,114,3,2,13,1,7,3393.11,0.02,23276.7346,1953.11,9604.9646,24391.53,0,11
591,20240414,584,91,8,2,11,2,6,282.64,0.23,1305.7968,212.48,30.9168000000002,1553.73,0,5
592,20240105,585,23,8,1,5,2,8,4452.69,0.04,34196.659199999995,2343.46,15448.979199999994,32313.12,1,1
593,20240922,586,100,1,1,19,2,3,1952.79,0.02,5741.2026,1745.49,504.73259999999937,5839.9,0,2
594,20240126,587,42,5,1,17,2,11,3988.72,0.2,35100.736,3004.38,2052.555999999997,47000.22,0,7
595,20241204,588,20,2,2,18,1,1,4671.97,0.0,4671.97,2867.4,1804.57,5403.07,0,11
596,20241127,589,25,9,1,5,1,9,225.19,0.23,1560.5667,132.55,367.6167,2384.75,0,13
597,20241008,590,110,4,2,12,1,5,5755.43,0.21,22733.9485,4657.82,-555.1514999999963,26234.05,0,13
598,20241221,591,28,1,1,17,1,7,5361.4,0.12,33026.223999999995,3717.37,7004.633999999995,41711.53,0,13
599,20240217,592,115,6,2,8,2,1,5907.12,0.22,4607.5536,3388.43,1219.1236000000004,5655.23,0,7
600,20240101,593,6,5,2,13,1,7,857.48,0.07,5582.1948,649.68,1034.434800000001,5479.01,1,10
601,20240315,594,116,2,2,15,1,10,1499.05,0.24,11392.78,1331.61,-1923.319999999998,14013.92,0,13
602,20240109,595,22,7,2,13,2,9,280.68883720930233,0.14,2172.5316000000003,217.63,213.86160000000012,2964.78,0,1
603,20241219,596,50,4,1,8,1,1,5819.47,0.02,5703.0806,4207.26,1495.8206,5492.01,1,8
604,20240317,597,20,6,1,3,2,10,2398.02,0.21,18944.358,1678.31,2161.2580000000016,21931.2,0,3
605,20240612,598,48,2,2,14,2,3,1107.71,0.15,2824.6605,852.77,266.3505,3302.95,0,7
606,20240115,599,26,9,1,1,2,11,1990.07,0.13,19044.9699,1675.21,617.6598999999987,22640.6,0,7
607,20240529,600,59,5,1,9,2,11,93.72,0.22,804.1176,76.9,-41.78240000000005,1022.93,0,6
608,20240820,601,1,1,1,6,1,9,4461.87,0.21,31723.895700000005,3418.82,954.5157000000036,38570.96,0,10
609,20240716,602,93,6,2,1,1,11,2741.91,0.01,29859.3999,1501.63,13341.469899999996,29765.46,1,10
610,20240917,603,2,3,1,3,1,11,4945.08,0.06,51132.1272,2732.73,21072.0972,51103.18,1,13
611,20240127,604,12,8,2,15,1,2,3360.46,0.12,5914.4096,1904.88,2104.6496,6256.81,0,10
612,20240126,605,57,4,2,13,1,2,563.9,0.19,913.518,363.9,185.71800000000007,1307.67,0,14
613,20240909,606,36,8,2,7,2,3,5853.31,0.17,14574.7419,4583.96,822.8618999999981,19372.18,0,3
614,20240113,607,4,3,2,19,2,1,1972.92,0.08,1815.0864,1616.71,198.3764000000001,2208.78,0,7
615,20241102,608,41,2,2,13,1,8,3611.38,0.02,28313.2192,3150.83,3106.5792,29730.75,0,14
616,20241202,609,50,10,2,3,1,6,1788.71,0.11,9551.7114,1149.59,2654.171400000001,12384.91,0,9
617,20240526,610,28,5,1,2,1,8,1499.08,0.19,9714.0384,1308.28,-752.2016000000003,12792.15,0,9
618,20240222,611,58,6,1,15,2,8,956.82,0.05,7271.832,605.79,2425.5120000000006,7764.04,0,2
619,20240102,612,21,2,1,15,1,9,2910.99,0.21,20697.1389,2150.44,1343.178899999999,23839.53,0,13
620,20241031,613,52,9,2,2,2,10,1144.05,0.05,10868.475,658.85,4279.975,11603.59,0,2
621,20240406,614,28,10,2,2,1,10,3463.25,0.12,30476.6,2777.69,2699.699999999997,38583.03,0,10
622,20241221,615,38,5,1,17,1,4,578.5500000000001,0.12,2036.496,594.42,-341.18399999999974,2953.79,0,14
623,20240928,616,68,7,2,17,1,8,2334.52,0.04,17929.1136,1336.4,7237.9136,22355.66,0,11
624,20240517,617,99,7,1,13,2,6,917.78,0.03,5341.479600000001,673.76,1298.9196000000006,5601.23,0,3
625,20240316,618,15,6,2,7,2,10,5714.12,0.11,50855.668,4487.66,5979.067999999999,68079.81,0,6
626,20240326,619,102,9,1,14,1,2,2610.1,0.1,4698.18,1500.1,1697.9800000000005,5493.96,0,14
627,20240509,620,5,9,1,12,1,5,4906.0346820809245,0.135,21218.6,3492.269999999999,3757.250000000004,30802.25,0,10
628,20240228,621,96,1,2,13,2,2,5279.56,0.15,8975.252,3590.35,1794.5520000000006,12323.74,0,7
629,20240811,622,92,2,2,8,1,2,4873.29,0.11,8674.4562,2739.26,3195.9362,9570.7,0,9
630,20241227,623,110,3,1,2,2,8,432.63,0.06,3253.3776,230.65,1408.1775999999998,3359.88,0,2
631,20240716,624,15,1,2,10,2,10,5355.92,0.02,52488.016,3053.55,21952.516,55141.29,0,4
632,20240123,625,70,10,2,10,1,11,3448.15,0.14,32619.499,1871.59,12032.009000000002,39519.11,0,13
633,20241228,626,107,7,1,4,1,1,2419.27,0.18,1983.8014,1412.44,571.3614,2720.45,0,13
634,20240714,627,72,4,1,17,2,9,4560.33,0.2,32834.376000000004,3095.73,4972.806000000004,38303.32,0,4
635,20240613,628,51,9,2,3,2,8,1016.25,0.18,6666.6,729.2,833.0,8038.53,0,5
636,20240224,629,48,3,2,16,1,2,5210.76,0.25,7816.14,3630.19,555.7600000000002,11727.36,0,11
637,20240406,630,100,1,1,9,1,6,4797.456069364162,0.135,24898.797,2905.6199999999994,7465.077000000001,26521.25,0,13
638,20240626,631,82,3,2,14,1,9,5134.97,0.23,35585.3421,2805.57,10335.2121,49509.31,0,11
639,20240814,632,80,6,1,10,1,8,549.95,0.07,4091.628,445.19,530.1080000000002,4691.02,0,14
640,20240930,633,53,3,2,14,1,11,3217.04,0.12,31140.9472,2701.45,1424.9972000000053,32253.82,0,14
641,20240801,634,31,7,1,5,2,5,1128.84,0.22,4402.476,653.68,1134.076,5372.38,0,4
642,20240729,635,93,9,1,12,1,7,3064.94,0.08,19738.213600000003,2560.19,1816.883600000001,22364.12,0,9
643,20240812,636,19,8,1,4,2,9,124.16,0.01,1106.2656,88.92,305.9856,1056.63,1,6
644,20240722,637,66,1,2,20,1,1,1418.16,0.07,1318.8888,1145.85,173.03880000000004,1299.14,1,13
645,20240517,638,56,5,2,12,1,9,4747.64,0.13,37174.0212,3487.59,5785.711200000002,49100.25,0,9
646,20240303,639,21,1,2,1,2,2,2514.07,0.04,4827.0144,1488.56,1849.8944,5601.53,0,1
647,20240107,640,28,7,2,7,2,7,4665.13,0.06,30696.5554,4140.58,1712.4953999999998,38811.83,0,2
648,20240409,641,79,7,1,8,1,7,4910.27,0.01,34028.1711,3929.41,6522.301100000001,33088.16,1,13
649,20241117,642,63,8,1,7,1,4,4206.27,0.24,12787.0608,3773.31,-2306.1791999999987,16299.68,0,14
650,20240921,643,2,6,1,13,2,1,4648.37,0.11,4137.0493,3999.76,137.28929999999946,5150.27,0,1
651,20240915,644,99,10,1,9,1,8,1660.92,0.04,12755.8656,1383.07,1691.3056000000015,15151.32,0,13
652,20240526,645,98,3,2,3,2,9,5665.78,0.2,40793.616,4915.95,-3449.933999999994,49429.48,0,2
653,20240425,646,87,9,2,17,2,7,1511.7,0.13,9206.253,1152.44,1139.1729999999989,11054.66,0,2
654,20240121,647,20,10,1,2,1,10,468.99,0.06,4408.505999999999,276.74,1641.1059999999993,5087.11,0,12
655,20240408,648,73,10,2,10,1,11,4210.17,0.14,39828.2082,2728.58,9813.828200000004,46815.1,0,11
656,20241015,649,32,3,2,12,1,4,4268.9,0.03,16563.332,2224.34,7665.971999999998,18892.93,0,11
657,20240429,650,41,6,1,18,1,4,2779.55,0.19,9005.742000000002,1729.1,2089.3420000000024,12886.02,0,13
658,20240204,651,93,7,2,5,1,9,1729.37,0.12,13696.610399999998,1212.4,2785.0103999999974,18361.77,0,13
659,20240506,652,102,1,1,9,1,9,3235.61,0.18,23878.801800000005,2029.6,5612.401800000007,30062.52,0,8
660,20240502,653,98,1,1,1,1,10,1327.89,0.05,12614.955,786.02,4754.755,15305.31,0,13
661,20240126,654,2,7,2,12,2,8,523.7005917159763,0.155,3540.216,461.35,-150.5840000000003,4641.86,0,4
662,20240918,655,87,10,1,11,2,9,2420.33,0.18,17862.0354,1741.59,2187.725400000001,21246.08,0,5
663,20240525,656,90,9,1,4,1,11,2712.74,0.13,25960.9218,2227.04,1463.4818000000014,35345.2,0,13
664,20241224,657,15,10,1,5,2,7,2670.3,0.22,14579.838000000002,1723.34,2516.4580000000024,21799.11,0,3
665,20241002,658,82,10,2,20,2,7,208.87,0.05,1388.9855,129.39,483.2555000000001,1375.85,1,3
666,20240316,659,62,3,2,18,1,1,4498.42,0.24,3418.7992,2447.23,971.5692,4395.14,0,9
667,20240221,660,37,8,1,11,2,2,3065.08,0.02,6007.556799999999,1688.26,2631.0367999999994,5863.84,1,7
668,20240930,661,12,1,1,12,1,8,5386.22,0.14,37057.1936,3687.07,7560.633599999997,42696.81,0,8
669,20240508,662,70,9,2,7,1,6,703.49,0.16,3545.5896,441.18,898.5096000000003,5013.14,0,14
670,20240616,663,36,1,2,19,1,7,346.15,0.22,1889.979,233.95,252.32899999999995,2184.89,0,14
671,20240217,664,85,6,1,17,2,9,3288.34,0.18,24267.949200000003,2156.42,4860.169200000004,27330.3,0,6
672,20240522,665,46,1,2,5,2,3,1353.95,0.19,3290.0985000000005,1157.44,-182.22149999999965,4388.95,0,2
673,20240226,666,89,10,1,2,2,3,1580.14,0.13,4124.1654,1332.82,125.70539999999984,5317.92,0,1
674,20240205,667,57,2,1,15,2,8,5264.33,0.11,37482.0296,3119.5,12526.029600000002,45044.62,0,4
675,20241207,668,83,9,2,13,2,11,4312.36,0.01,46961.6004,3560.87,7792.030399999996,43928.64,1,6
676,20240219,669,87,9,2,14,1,8,5745.99,0.16,38613.0528,3781.56,8360.572799999998,44875.98,0,11
677,20240326,670,33,3,2,18,1,9,3216.72,0.17,24028.8984,2308.86,3249.1583999999966,32912.05,0,13
678,20240828,671,2,5,1,11,2,9,1906.51,0.25,12868.9425,1153.18,2490.3225,18304.61,0,2
679,20240119,672,43,2,2,17,2,1,4139.272183908046,0.13,3601.1668,1872.97,1728.1968,4048.92,0,5
680,20240628,673,92,3,2,19,2,2,5593.67,0.09,10180.4794,3651.43,2877.6194000000005,13175.46,0,1
681,20240507,674,8,1,2,3,2,5,687.05,0.09,3126.0775000000003,390.67,1172.7275000000002,3277.39,0,2
682,20240607,675,16,1,2,7,1,2,4953.74,0.23,7628.759599999999,3626.77,375.21959999999945,10684.25,0,9
683,20241129,676,86,10,1,11,1,2,4745.43,0.17,7877.4138,3591.89,693.6338000000005,10184.15,0,13
684,20240720,677,65,4,1,8,1,6,4966.99,0.13,25927.6878,4127.01,1165.6277999999984,28953.66,0,13
685,20240326,678,110,7,2,18,1,7,5738.02,0.13,34944.5418,3879.41,7788.6718,45659.44,0,13
686,20240106,679,108,5,1,10,1,1,1140.46,0.21,900.9634,714.01,186.9534000000001,1084.57,0,8
687,20240301,680,59,1,2,2,1,11,263.03,0.17,2401.4639,156.99,674.5738999999996,3248.2,0,14
688,20241102,681,66,7,2,11,2,7,824.5999999999999,0.11,5137.258,414.94,2232.678,6341.53,0,6
689,20240523,682,35,2,2,15,2,2,3509.65,0.04,6738.528,2299.09,2140.348,7824.89,0,4
690,20241003,683,27,8,1,1,1,10,2241.3,0.21,17706.27,1242.36,5282.670000000002,20817.04,0,11
691,20240820,684,42,4,2,6,1,5,3107.13,0.03,15069.580500000002,2013.05,5004.330500000002,17617.93,0,8
692,20240731,685,16,4,2,5,2,6,2019.59,0.1,10905.786,1104.45,4279.085999999999,11107.4,0,6
693,20241012,686,92,9,1,17,2,11,1827.37,0.16,16884.8988,1474.92,660.7787999999982,22722.8,0,6
694,20240514,687,18,1,2,1,1,3,2761.33,0.21,6544.3521,1402.76,2336.0721000000003,8856.83,0,14
695,20240715,688,81,6,1,17,1,5,4593.27,0.23,17684.089500000002,2789.87,3734.7395000000033,27539.23,0,10
696,20241224,566,56,5,1,7,2,7,766.99,0.24,4080.3868,623.98,-287.4732000000004,5110.05,0,4
697,20240105,689,87,3,1,7,1,6,2303.55,0.16,11609.892,1836.19,592.7520000000004,15454.3,0,14
698,20240106,690,10,9,1,20,1,10,4985.34,0.2,39882.72,3837.9,1503.7200000000012,53065.38,0,10
699,20241122,691,38,5,2,15,2,3,1212.48,0.03,3528.3168,838.2,1013.7167999999996,4209.45,0,1
700,20241010,692,81,3,2,14,2,5,579.59,0.08,2666.1140000000005,426.18,535.2140000000004,3096.71,0,7
701,20240421,693,90,5,1,11,2,8,161.27,0.2,1032.1280000000002,90.36,309.24800000000016,1330.29,0,7
702,20240321,694,1,6,1,8,2,9,1940.82,0.15,14847.273,1628.2,193.473,19711.12,0,1
703,20241103,695,94,9,2,7,1,8,1520.15,0.22,9485.736,1221.38,-285.3040000000001,11157.87,0,13
704,20240827,696,65,6,1,6,1,1,2176.61,0.09,1980.7151,1956.45,24.265100000000075,2377.99,0,8
705,20241024,697,57,7,2,19,1,2,5952.44,0.03,11547.7336,5049.9,1447.9336000000003,12846.13,0,11
706,20240722,698,85,3,1,3,1,4,5148.25,0.02,20181.14,3690.25,5420.139999999999,20164.41,1,8
707,20240826,699,99,10,1,9,1,3,1052.25,0.05,2998.9125,923.65,227.9625000000001,3462.43,0,11
708,20241019,700,8,1,1,2,1,1,4433.36,0.09,4034.3576,2702.55,1331.8075999999996,4932.56,0,11
709,20240128,701,68,10,2,2,1,5,1703.41,0.23,6558.128500000001,1306.5,25.62850000000072,8040.93,0,13
710,20240102,702,30,3,2,14,1,8,651.47,0.03,5055.4072,359.57,2178.8472,5659.75,0,8
711,20241202,703,28,7,1,16,1,1,5587.33,0.04,5363.8368,3664.16,1699.6768000000002,6079.64,0,12
712,20241115,704,25,6,2,14,2,5,1385.02,0.17,5747.833,695.48,2270.4329999999995,8229.79,0,4
713,20240701,705,86,8,1,5,2,2,5506.97,0.23,8480.7338,4362.85,-244.96620000000075,11404.35,0,5
714,20240614,706,16,9,2,10,1,7,3196.12,0.15,19016.914,2585.55,918.0639999999984,25085.46,0,9
715,20241213,707,56,1,1,10,1,1,4317.22,0.13,3755.9814,2371.74,1384.2414000000003,4427.95,0,12
716,20240308,708,45,9,1,17,1,1,4535.14,0.05,4308.383,3201.26,1107.1229999999996,4882.1,0,14
717,20240224,709,8,8,2,20,2,7,1423.0,0.11,8865.29,1086.86,1257.2700000000011,11091.74,0,3
718,20240420,710,77,6,2,19,1,7,4133.67,0.0,28935.69,2447.59,11802.56,32567.83,0,13
719,20240321,711,53,1,1,8,1,1,2648.68,0.17,2198.4044,1325.51,872.8943999999999,2493.47,0,10
720,20241029,712,54,1,1,1,2,9,3023.23,0.01,26936.9793,2615.82,3394.599299999998,29952.31,0,2
721,20241010,713,55,2,1,13,2,7,1723.45,0.19,9771.9615,1493.85,-684.9884999999977,11678.0,0,1
722,20240627,714,11,1,1,17,1,3,3139.7,0.03,9136.526999999998,2055.22,2970.8669999999984,8716.22,1,13
723,20240903,715,16,4,1,18,2,6,3959.38,0.03,23043.5916,2756.33,6505.6116,28298.53,0,4
724,20241103,716,53,10,1,10,2,3,3374.09,0.01,10021.0473,1926.59,4241.277300000001,9583.47,1,2
725,20241205,717,91,4,1,7,1,11,3163.51,0.1,31318.749,1604.59,13668.259000000002,40134.96,0,9
726,20241113,718,59,4,1,8,2,4,3657.07,0.13,12726.6036,2032.14,4598.0436,16786.28,0,4
727,20240521,719,56,8,1,20,1,6,4620.45,0.17,23009.841,2374.71,8761.580999999996,27374.86,0,13
728,20240503,720,48,9,2,4,1,11,4040.46,0.06,41778.3564,2041.09,19326.3664,41563.78,1,14
729,20240818,721,34,10,2,4,2,7,1972.39,0.14,11873.787800000002,1283.17,2891.5978000000014,15968.54,0,5
730,20241126,722,10,3,2,4,1,9,826.75,0.07,6919.897499999999,471.89,2672.887499999999,7046.58,0,11
731,20240502,723,77,4,2,20,2,11,82.82,0.08,838.1384,57.7,203.4384,1045.2,0,5
732,20240201,724,29,2,1,13,1,4,3640.58,0.25,10921.74,3180.06,-1798.5,13138.14,0,14
733,20240706,725,64,8,1,15,1,6,4782.0,0.23,22092.84,3055.54,3759.600000000002,27184.6,0,10
734,20240806,726,86,4,1,5,1,1,2496.28,0.06,2346.5032,1276.59,1069.9132000000002,2660.47,0,14
735,20240925,727,42,1,1,4,1,3,5135.36,0.08,14173.593599999998,3029.04,5086.473599999999,17822.45,0,12
736,20240119,728,85,6,2,2,2,10,914.08,0.1,8226.720000000001,717.3,1053.7200000000012,9870.46,0,2
737,20241003,729,100,6,1,16,2,6,1779.89,0.2,8543.472,1533.3,-656.3279999999995,12096.64,0,7
738,20240912,730,96,9,2,11,2,9,881.53625,0.12,6981.7671,856.09,-723.0429000000004,9096.2,0,4
739,20240621,731,68,3,1,16,2,8,1857.04,0.08,13667.8144,1515.18,1546.3744000000006,13901.56,0,5
740,20240727,732,29,7,2,11,1,7,843.54,0.05,5609.540999999999,459.12,2395.700999999999,5565.52,1,14
741,20240720,733,54,2,2,8,2,4,4844.866292134831,0.11,17247.724,4118.75,772.7239999999983,24314.03,0,6
742,20240401,734,60,10,1,15,1,9,1129.57,0.17,8437.8879,811.93,1130.5178999999998,10799.51,0,13
743,20240423,735,64,4,2,14,2,8,1058.42,0.03,8213.3392,726.41,2402.0592000000006,10127.49,0,3
744,20240913,736,2,10,1,7,1,7,4873.87,0.24,25928.9884,3547.78,1094.5283999999956,36037.62,0,12
745,20240120,737,31,3,1,7,2,2,5528.61,0.01,10946.6478,4107.69,2731.2678,11942.09,0,4
746,20240907,738,11,3,1,6,2,5,4619.23,0.25,17322.1125,3250.52,1069.512499999999,22298.6,0,5
747,20240915,739,42,8,1,13,1,8,3775.8,0.14,25977.504,2802.54,3557.184000000001,28082.93,0,10
748,20241001,740,99,3,1,17,2,1,2345.62,0.17,1946.8646,1314.15,632.7145999999998,2689.48,0,7
749,20240605,741,27,1,1,5,1,5,2438.96,0.06,11463.112,1568.5,3620.611999999999,11822.8,0,9
750,20240913,742,40,10,1,3,2,8,1767.99,0.1,12729.528,1550.07,328.9680000000008,16875.13,0,7
751,20240518,743,18,10,2,20,1,9,4612.51,0.04,39852.0864,2444.03,17855.8164,41788.88,0,10
752,20240703,744,15,7,2,6,2,6,5495.69,0.01,32644.3986,4850.81,3539.5386,31008.03,1,3
753,20240318,745,77,5,2,4,2,9,2107.77,0.03,18400.8321,1353.46,6219.6921,21982.97,0,5
754,20240308,12,13,3,1,12,1,3,987.16,0.21,2339.5692,657.09,368.2991999999999,3425.29,0,14
755,20240604,746,61,7,1,5,1,1,1936.68,0.12,1704.2784,1170.55,533.7284000000002,2136.93,0,11
756,20240317,747,96,5,1,20,1,1,1553.78,0.09,1413.9398,868.7,545.2398000000001,1616.42,0,12
757,20240108,748,95,4,2,15,2,6,5392.63,0.19,26208.1818,4312.07,335.76180000000386,33452.71,0,2
758,20241219,749,92,1,1,4,2,10,3423.81,0.19,27732.861,1963.8,8094.861000000001,31490.81,0,1
759,20241216,750,28,6,1,7,1,1,1470.37,0.05,1396.8514999999998,979.98,416.8714999999997,1753.18,0,10
760,20241008,751,73,9,1,15,1,8,4720.75,0.07,35122.38,3398.69,7932.859999999997,39269.74,0,14
761,20241021,752,22,2,1,15,1,6,1630.57,0.18,8022.4044,864.13,2837.6244000000006,9612.71,0,8
762,20240401,753,36,8,2,14,1,4,1099.7775722543352,0.135,3805.2304,789.81,645.9904000000001,4481.98,0,11
763,20240422,754,49,6,2,16,1,5,5712.3,0.2,22849.2,3059.08,7553.800000000001,30659.74,0,9
764,20240704,755,32,5,1,16,1,10,5093.2,0.15,43292.2,2934.59,13946.299999999996,51338.81,0,14
765,20240819,756,10,3,1,3,1,10,5430.78,0.16,45618.552,2829.29,17325.651999999995,59181.58,0,12
766,20240420,757,57,8,2,11,1,6,3431.54,0.24,15647.8224,2889.84,-1691.2176000000018,21466.47,0,12
767,20240608,758,47,7,1,8,1,5,2137.48,0.16,8977.416,1279.15,2581.666,11974.35,0,14
768,20240815,759,21,9,2,15,1,2,3123.03,0.0,6246.06,2191.99,1862.0800000000008,6755.46,0,9
769,20241126,760,21,2,2,6,1,10,2367.62,0.25,17757.149999999998,1903.9,-1281.8500000000022,21704.15,0,11
770,20241204,761,55,3,1,17,1,8,1886.87,0.11,13434.5144,1692.68,-106.92560000000049,15085.87,0,11
771,20240223,762,5,6,1,5,1,5,284.03,0.21,1121.9185,231.51,-35.63149999999996,1610.1,0,10
772,20240610,763,65,4,1,6,1,7,2722.52,0.19,15436.6884,1443.36,5333.168400000002,17893.16,0,14
773,20240812,764,17,6,1,7,2,3,1079.16,0.19,2622.3588000000004,884.36,-30.7211999999995,3821.09,0,6
774,20240717,765,59,7,1,18,2,11,1456.66,0.04,15382.3296,852.73,6002.299599999999,17619.78,0,6
775,20240430,766,91,8,2,9,1,11,5389.02,0.08,54536.8824,4034.78,10154.3024,53697.5,1,13
776,20240424,767,26,3,2,20,1,4,1295.61,0.18,4249.6008,1121.84,-237.7591999999995,5613.42,0,9
777,20240114,768,103,1,2,20,2,9,5538.99,0.12,43868.8008,3901.6,8754.400799999996,50412.39,0,3
778,20240313,769,16,5,1,15,1,5,2299.85,0.23,8854.4225,1963.39,-962.5275,10999.26,0,14
779,20241101,770,46,10,1,19,1,1,4846.92,0.23,3732.1284,3141.34,590.7883999999999,4554.59,0,12
780,20240301,771,81,9,1,18,1,2,5612.7,0.03,10888.638,3061.42,4765.797999999999,11848.56,0,13
781,20241111,772,43,9,1,18,2,2,563.63,0.05,1070.897,302.69,465.517,1031.27,1,2
782,20240318,773,2,9,1,3,2,6,731.16,0.21,3465.6984,416.78,965.0184000000004,4457.99,0,2
783,20240529,774,87,10,2,2,1,4,2693.3,0.11,9588.148,1572.27,3299.068000000001,12336.78,0,14
784,20240525,775,42,3,1,4,1,2,5649.38,0.05,10733.822,3292.99,4147.842000000001,11249.63,0,8
785,20241230,776,62,1,2,5,1,10,1398.59,0.08,12867.028,781.35,5053.528,15731.58,0,8
786,20240215,777,37,1,2,10,2,9,4764.83,0.02,42025.8006,4137.19,4791.090600000003,41972.34,1,1
787,20240512,778,108,8,2,13,2,7,2141.35,0.14,12890.927,1645.04,1375.6470000000008,17149.84,0,3
788,20240418,779,99,8,1,6,2,3,1789.23,0.23,4133.121300000001,988.87,1166.5113000000006,5887.75,0,6
789,20240617,780,92,2,1,6,1,8,5086.97,0.21,32149.6504,4398.82,-3040.9095999999954,40303.83,0,11
790,20240101,182,70,1,2,6,1,2,4720.54,0.06,8874.6152,3589.86,1694.8952,8667.43,1,11
791,20240713,781,15,5,1,20,2,9,3247.62,0.19,23675.1498,2598.72,286.66979999999967,27078.28,0,2
792,20240613,782,85,5,1,16,2,2,5932.53,0.08,10915.8552,3985.97,2943.9152000000004,11807.04,0,7
793,20240811,783,22,1,1,10,2,1,4247.88,0.22,3313.3464000000004,2127.57,1185.7764000000002,4847.74,0,5
794,20240924,784,10,3,1,10,2,9,2528.81,0.14,19572.9894,1572.89,5416.979400000002,25113.85,0,4
795,20240122,785,54,1,2,17,2,8,1212.21,0.2,7758.144,648.69,2568.624,10272.17,0,1
796,20241111,786,75,2,2,3,2,11,4139.67,0.22,35518.3686,2366.26,9489.5086,51524.68,0,2
797,20240329,787,28,7,1,13,2,1,5477.68,0.18,4491.6976,4076.67,415.0276000000004,5483.02,0,4
798,20240309,788,90,4,1,19,1,5,2942.73,0.12,12948.012,1996.97,2963.1620000000003,16210.33,0,11
799,20241102,789,33,8,2,14,2,8,1103.94,0.13,7683.4224,652.76,2461.3424000000005,8489.27,0,7
800,20241212,790,86,9,2,4,1,3,5396.43,0.03,15703.6113,3724.55,4529.961299999999,14639.44,1,12
801,20240504,791,59,9,2,3,2,2,5830.85,0.21,9212.743,4868.43,-524.1170000000002,13581.97,0,2
802,20240311,792,76,4,2,15,2,8,3008.6,0.16,20217.792,2047.58,3837.151999999998,25752.02,0,2
803,20241124,793,28,4,2,9,2,3,2217.18,0.07,6185.932199999998,1375.98,2057.992199999998,7106.78,0,2
804,20240223,794,37,2,2,2,1,10,3330.82,0.25,24981.15,2588.24,-901.2499999999964,32290.84,0,8
805,20240913,795,53,7,1,9,2,10,3458.8,0.03,33550.36,2255.31,10997.260000000002,32114.26,1,2
806,20240628,796,75,2,1,11,1,1,4541.96,0.14,3906.0856,3259.51,646.5755999999997,5196.34,0,14
807,20240522,797,46,10,1,10,1,6,4452.91,0.07,24847.2378,2904.43,7420.657800000001,27050.71,0,9
808,20241002,798,92,4,1,11,2,8,214.43,0.22,1338.0432,188.35,-168.75679999999988,1579.21,0,6
809,20240619,799,22,4,1,15,2,7,3806.19,0.08,24511.863600000004,2635.38,6064.203600000004,25875.42,0,3
810,20240110,800,24,6,2,8,2,10,3919.18,0.18,32137.276,3247.09,-333.62400000000343,41137.84,0,3
811,20240714,801,74,8,1,19,1,10,1980.47,0.1,17824.23,1373.63,4087.93,23497.73,0,9
812,20240218,802,107,9,2,1,1,9,4627.379999999999,0.14,35815.9212,2782.68,10771.801199999998,47777.35,0,9
813,20240727,803,103,2,2,5,2,5,1914.18,0.09,8709.519,1367.22,1873.419,10174.64,0,6
814,20240720,804,2,8,1,19,2,1,1957.72,0.22,1527.0216,1072.74,454.2816,1886.75,0,3
815,20240303,805,77,5,2,5,1,5,2802.27,0.25,10508.5125,2341.54,-1199.1875,14244.21,0,13
816,20240903,806,27,10,2,8,1,8,2244.51,0.19,14544.424800000004,1583.28,1878.1848000000027,18328.68,0,10
817,20240213,807,91,9,2,2,1,1,922.42,0.23,710.2633999999999,485.99,224.27339999999992,966.04,0,14
818,20240527,808,84,4,1,10,2,8,108.29,0.07,805.6776,78.1,180.87760000000003,790.43,1,2
819,20240229,809,117,3,1,4,1,5,5246.5,0.1,23609.25,3992.52,3646.6500000000015,27757.05,0,8
820,20240419,810,55,8,2,15,2,9,2458.02,0.03,21458.5146,1995.99,3494.6045999999988,25571.74,0,6
821,20240117,811,66,3,2,16,2,10,839.05,0.16,7048.02,539.99,1648.12,8269.45,0,6
822,20240522,676,65,9,1,15,2,7,2434.44,0.23,13121.631600000002,1400.61,3317.361600000004,19401.65,0,2
823,20241129,812,62,7,2,15,2,2,2242.22,0.22,3497.8632,1196.44,1104.9831999999997,4359.4,0,2
824,20240815,813,40,10,2,17,1,6,2039.74,0.08,11259.3648,1825.21,308.104800000001,14567.84,0,14
825,20240127,814,44,10,1,11,2,7,3378.87,0.2,18921.672,2396.54,2145.8920000000035,23232.56,0,7
826,20240609,815,53,5,1,19,2,7,88.57,0.14,533.1914,71.77,30.80140000000005,697.84,0,2
827,20240626,816,14,10,1,13,2,10,4594.14,0.07,42725.502,3826.13,4464.2019999999975,52806.88,0,2
828,20240418,817,6,9,1,5,2,9,3390.1,0.17,25324.047,2989.78,-1583.9730000000018,27860.26,0,1
829,20241205,818,95,3,2,5,1,9,4449.56,0.18,32837.7528,3174.61,4266.2628,36676.9,0,9
830,20241223,819,5,4,1,18,2,4,3697.25,0.19,11979.09,2210.66,3136.4500000000007,17116.82,0,2
831,20240112,820,30,3,1,7,2,11,1921.23,0.25,15850.1475,1599.94,-1749.192500000001,24738.16,0,4
832,20240606,821,30,7,1,17,2,6,1312.2,0.07,7322.076,1111.05,655.7760000000007,7999.24,0,2
833,20241203,822,72,1,2,13,1,10,1141.81,0.15,9705.384999999998,945.68,248.5849999999992,13254.88,0,10
834,20240111,823,57,2,2,16,2,4,4838.45,0.17,16063.654,2688.35,5310.253999999999,22826.89,0,4
835,20241127,824,88,6,1,15,1,7,5104.29,0.2,28584.024,3309.47,5417.734000000004,35922.23,0,13
836,20240229,825,72,7,2,1,1,4,3211.98,0.03,12462.4824,2644.05,1886.2823999999985,14180.87,0,14
837,20240511,826,44,8,1,9,2,8,1227.08,0.01,9718.4736,1055.54,1274.1535999999996,10659.29,0,6
838,20240424,827,30,1,1,15,1,5,3733.575348837209,0.14,16054.373999999998,2212.02,4994.273999999998,21660.28,0,13
839,20240101,828,72,4,2,13,1,5,5626.45,0.16,23631.09,4446.46,1398.7900000000009,29142.33,0,9
840,20240511,829,13,4,1,15,2,5,912.68,0.05,4335.23,488.76,1891.43,4342.57,0,6
841,20240519,830,93,2,1,15,2,2,882.43,0.21,1394.2394,654.52,85.19939999999997,2055.94,0,5
842,20240722,831,99,10,1,10,2,7,567.88,0.14,3418.6376,338.87,1046.5476,4506.04,0,5
843,20240929,832,110,4,1,9,2,9,1002.99,0.24,6860.4516,552.54,1887.5916000000009,8898.31,0,2
844,20240704,833,75,10,2,13,1,6,5291.7,0.08,29210.184,3153.58,10288.703999999998,34727.76,0,9
845,20241024,834,52,1,2,4,1,7,5193.9,0.24,27631.547999999995,3481.96,3257.827999999994,33338.76,0,10
846,20240225,835,17,5,1,13,1,7,4740.64,0.03,32188.945600000003,2531.89,14465.715600000003,38396.35,0,11
847,20240322,836,22,3,1,15,2,10,4199.96,0.23,32339.692,3496.92,-2629.507999999998,39224.16,0,5
848,20241026,837,85,10,2,6,1,4,2181.27,0.03,8463.3276,1200.12,3662.847600000001,9069.41,0,13
849,20240731,838,83,1,1,18,2,10,1207.73,0.05,11473.435,804.93,3424.135,12061.25,0,4
850,20240308,839,26,8,2,9,1,11,1791.22,0.2,15762.736000000004,1455.8,-251.06399999999667,21400.27,0,13
851,20240630,840,48,8,2,16,1,2,2708.25,0.23,4170.705,1940.46,289.78499999999985,5463.47,0,10
852,20240507,841,52,4,1,17,2,6,2750.02,0.21,13035.0948,1816.25,2137.594799999999,17488.24,0,6
853,20240203,842,33,2,2,11,2,11,3818.05,0.09,38218.6805,2096.16,15160.920500000004,41185.62,0,3
854,20241011,843,80,1,2,5,1,7,3300.97,0.13,20102.9073,2459.32,2887.6672999999973,20981.76,0,12
855,20240818,844,88,2,1,5,2,8,98.43,0.17,653.5752,58.21,187.8952,732.38,0,6
856,20240316,845,75,9,1,12,2,5,4163.09,0.09,18942.059500000003,3273.94,2572.3595000000023,24179.35,0,5
857,20240209,274,87,6,1,1,2,3,3009.52,0.17,7493.704799999999,2398.99,296.7348000000002,8818.96,0,7
858,20240907,846,88,1,2,14,1,3,2580.13,0.02,7585.5822,2283.66,734.6022000000003,8399.66,0,8
859,20240216,847,19,7,1,3,1,10,458.03,0.18,3755.846,402.17,-265.8540000000007,4284.36,0,10
860,20240705,848,21,9,1,20,2,7,3579.11023255814,0.14,21546.2436,2334.33,5205.933600000002,23086.51,0,2
861,20241021,849,56,9,1,9,2,8,637.95,0.05,4848.42,355.31,2005.94,6104.68,0,7
862,20240430,850,4,9,1,20,1,1,426.85,0.14,367.091,274.29,92.801,493.47,0,14
863,20240310,851,13,5,2,11,1,9,1219.73,0.04,10538.4672,714.95,4103.917199999999,11844.21,0,11
864,20241012,852,88,4,1,10,1,4,5778.83,0.01,22884.1668,3570.58,8601.8468,22513.62,1,11
865,20240406,853,102,6,2,19,1,5,4585.95,0.12,20178.18,3181.34,4271.48,23117.76,0,9
866,20240722,854,92,7,2,9,1,7,3850.27,0.06,25334.7766,3130.84,3418.8965999999964,31653.23,0,11
867,20241221,855,10,4,2,18,1,10,254.1,0.13,2210.67,205.46,156.07000000000016,2983.41,0,13
868,20240126,856,100,9,2,5,2,1,2853.41,0.22,2225.6598,2414.4,-188.7402000000002,2850.73,0,1
869,20240804,857,95,5,1,1,1,7,4332.81,0.18,24870.3294,3351.37,1410.7394000000022,34698.31,0,9
870,20240101,858,73,6,1,10,2,10,1882.85,0.01,18640.215,1532.77,3312.5149999999994,22420.7,0,7
871,20240524,619,71,6,2,13,2,7,1096.81,0.21,6065.3593,558.97,2152.5693,6944.75,0,2
872,20241108,859,76,3,2,3,1,6,4931.82,0.02,28999.1016,3316.48,9100.221599999995,30521.45,0,12
873,20240425,860,21,8,1,7,2,10,1717.7,0.16,14428.68,1098.29,3445.7800000000007,17503.15,0,1
874,20240409,861,100,8,2,13,2,6,3734.02,0.08,20611.7904,2091.0,8065.790400000002,20465.34,1,4
875,20240111,862,36,10,2,4,2,2,2032.07,0.21,3210.6706,1086.34,1037.9906,4711.91,0,3
876,20241122,863,8,1,2,7,2,4,3666.21,0.07,13638.3012,2577.02,3330.2212,13916.35,0,3
877,20241218,864,45,6,1,14,1,9,2784.0,0.13,21798.72,1749.93,6049.35,25022.31,0,14
878,20240723,865,85,6,1,13,2,7,4813.59,0.14,28977.811800000003,3977.31,1136.6418000000049,32024.27,0,7
879,20241013,866,37,3,1,10,1,9,3336.83,0.1,27028.323,1909.39,9843.812999999998,34798.42,0,11
880,20240728,867,71,5,2,1,1,5,1504.18,0.01,7445.691000000001,971.71,2587.1410000000005,7566.24,0,11
881,20240103,868,77,2,2,18,2,4,337.3,0.23,1038.884,261.58,-7.435999999999922,1453.73,0,6
882,20240722,869,41,8,2,15,2,6,833.98,0.05,4753.686,706.56,514.326,5144.13,0,3
883,20240229,870,86,3,1,13,1,11,473.69,0.17,4324.7897,365.37,305.7197000000001,5684.71,0,8
884,20240416,871,13,5,1,19,1,7,296.21777777777777,0.1,1866.172,271.19,-32.1579999999999,2466.66,0,14
885,20240312,872,49,9,2,17,1,3,5136.91,0.07,14331.978899999998,3848.57,2786.2688999999973,16605.31,0,8
886,20240714,873,10,6,2,4,1,9,2831.43,0.15,21660.4395,1488.86,8260.699499999997,29999.77,0,14
887,20240312,874,11,6,1,17,2,4,2150.95,0.05,8173.609999999999,1449.74,2374.6499999999987,8757.89,0,6
888,20240130,875,22,8,2,14,2,7,747.03,0.2,4183.368,494.79,719.8380000000002,4725.13,0,1
889,20240201,876,99,9,2,19,1,8,1253.24,0.21,7920.4768,998.39,-66.64319999999952,11051.09,0,14
890,20241111,877,20,1,2,14,1,11,2261.62,0.19,20151.0342,1688.13,1581.6042000000016,24627.33,0,11
891,20240722,878,44,2,1,11,1,7,3155.88,0.09,20102.9556,1804.04,7474.675600000002,23399.22,0,10
892,20241212,879,65,7,1,9,2,8,1266.04,0.2,8102.656,1095.71,-663.0240000000003,11624.08,0,2
893,20240323,880,57,4,1,15,1,9,5228.35,0.06,44231.841,3435.7,13310.541,46325.56,0,12
894,20241024,881,88,9,2,19,2,2,5439.13,0.14,9355.3036,4706.75,-58.19640000000072,10800.86,0,1
895,20240414,882,22,9,1,12,2,8,3411.09,0.08,25105.622400000004,2973.95,1314.0224000000053,26009.69,0,5
896,20241120,883,10,10,2,11,1,11,3865.12,0.23,32737.5664,2792.2,2023.3664000000024,49454.89,0,13
897,20240824,884,60,8,1,6,2,8,2320.73,0.19,15038.3304,1805.94,590.8104000000003,17996.32,0,1
898,20240524,885,32,5,1,16,2,8,5146.74,0.02,40350.4416,3513.15,12245.241599999998,37651.23,1,7
899,20240704,886,45,2,1,6,2,10,2271.11,0.2,18168.88,1709.27,1076.1800000000003,23526.87,0,5
900,20240413,887,36,6,1,20,2,8,3571.718843930636,0.135,24716.2944,3493.52,-3231.865600000001,37364.53,0,2
901,20240830,888,46,1,1,14,1,5,1599.78,0.04,7678.943999999999,1014.92,2604.344,9097.29,0,14
902,20240430,889,88,8,1,8,1,11,562.5473563218392,0.13,5383.578200000001,328.96,1765.018200000001,6166.6,0,10
903,20240717,890,40,2,1,16,1,9,1352.4512359550563,0.11,10833.1344,707.5900000000003,4464.824399999999,14257.56,0,10
904,20240315,891,44,8,2,1,2,9,2889.78,0.22,20286.2556,1483.25,6937.0056,27014.2,0,4
905,20240328,892,22,3,2,16,1,2,3334.6,0.22,5201.976,2476.54,248.89599999999973,6354.85,0,8
906,20240712,893,59,10,1,8,2,9,2886.84,0.09,23643.2196,1715.32,8205.339600000001,25832.01,0,7
907,20240404,894,53,4,1,11,2,2,1049.19,0.03,2035.4286,572.66,890.1086,2216.21,0,5
908,20241113,895,65,3,1,6,1,4,5676.36,0.15,19299.624,3863.77,3844.544,26440.44,0,12
909,20240924,896,56,7,2,14,2,5,3500.75,0.07,16278.4875,3137.66,590.1875,16274.42,1,7
910,20240808,897,40,4,1,19,1,3,569.45,0.25,1281.2625,349.81,231.8325,1899.76,0,9
911,20241017,898,100,10,1,3,2,1,114.93,0.07,106.8849,72.64,34.2449,122.02,0,6
912,20240426,899,34,6,2,11,1,2,2033.81,0.11,3620.1818,1255.4,1109.3817999999997,4043.28,0,8
913,20240609,900,13,6,2,8,1,9,1838.9,0.21,13074.579000000002,1401.96,456.9390000000021,18421.56,0,14
914,20241110,901,30,10,1,14,2,6,5131.53,0.2,24631.344,3668.44,2620.704000000001,35155.42,0,1
915,20240725,902,91,8,2,2,1,10,5408.82,0.23,41647.914,3943.52,2212.714,53726.96,0,11
916,20240128,317,6,9,2,16,1,6,2685.35,0.18,13211.922,2178.3,142.1219999999994,14840.64,0,9
917,20240428,903,19,10,1,20,1,2,95.02,0.01,188.1396,50.81,86.5196,199.74,0,13
918,20240611,904,83,7,1,7,2,4,3031.9,0.24,9216.976,1628.55,2702.7760000000007,11492.57,0,7
919,20240923,905,28,7,1,19,2,8,3360.55,0.24,20432.144,2910.43,-2851.2959999999985,27905.18,0,4
920,20241219,906,72,8,1,2,1,3,4292.32,0.02,12619.420799999998,3089.95,3349.5707999999995,13673.64,0,14
921,20240415,907,56,9,1,18,1,7,266.93,0.03,1812.4547,182.19,537.1247000000001,2047.01,0,10
922,20240518,908,99,7,1,5,1,9,4756.07,0.04,41092.4448,3661.68,8137.324800000002,47456.6,0,10
923,20240429,909,33,5,1,5,1,5,4910.2,0.22,19149.78,3652.27,888.4300000000003,26253.78,0,13
924,20240514,910,80,7,1,4,2,4,5914.24,0.18,19398.7072,3346.06,6014.467200000001,23258.32,0,2
925,20241224,911,26,7,2,17,1,6,4258.459186046512,0.14,21973.6494,3088.49,3442.7094,25187.32,0,10
926,20240226,912,46,1,1,14,2,10,4339.35,0.1,39054.15,3241.76,6636.549999999999,41248.5,0,3
927,20240202,913,46,5,2,19,2,7,393.18,0.13,2394.4662000000003,242.13,699.5562000000004,3050.62,0,2
928,20241215,914,8,4,1,17,1,11,849.14,0.15,7939.458999999999,616.88,1153.7789999999986,10411.52,0,8
929,20240426,915,89,9,1,20,2,3,690.33,0.14,1781.0514000000005,611.56,-53.62859999999955,1951.33,0,5
930,20240428,916,118,9,2,13,1,9,3439.05,0.15,26308.7325,3088.22,-1485.2475000000013,36606.67,0,11
931,20241006,917,30,1,1,16,2,3,2017.0,0.12,5324.88,1676.92,294.1199999999999,5525.45,0,2
932,20240603,918,82,2,2,4,1,3,2914.72,0.16,7345.0944,2371.51,230.5643999999993,10382.67,0,11
933,20240530,919,43,4,1,14,1,7,448.88,0.08,2890.7872,249.96,1141.0672000000002,3341.96,0,13
934,20241213,920,46,10,2,15,2,6,5158.51,0.23,23832.3162,4369.08,-2382.1637999999984,35169.28,0,1
935,20240119,921,9,4,2,12,1,5,295.27,0.05,1402.5324999999998,170.58,549.6324999999997,1424.96,0,12
936,20241202,922,17,6,1,20,2,11,1269.54,0.06,13127.043599999995,759.11,4776.833599999996,13253.4,0,4
937,20240125,923,55,8,2,11,1,8,2449.77,0.17,16266.4728,2183.29,-1199.8472000000002,18395.84,0,13
938,20241027,924,72,1,1,18,1,3,1803.1,0.17,4489.718999999999,942.38,1662.5789999999993,5928.52,0,10
939,20241208,925,100,6,2,18,1,2,1153.9544508670522,0.135,1996.3412,686.76,622.8212000000001,2239.36,0,13
940,20240926,926,12,1,2,12,2,5,2604.34,0.12,11459.096,1427.48,4321.696000000002,15319.64,0,7
941,20240414,927,102,10,2,1,2,7,3476.35,0.15,20684.2825,1803.7,8058.3825000000015,28784.39,0,7
942,20240315,928,36,4,2,3,1,4,1949.24,0.08,7173.2032,1582.44,843.4431999999997,9284.56,0,10
943,20240817,929,26,9,2,3,2,5,5937.87,0.22,23157.693,3513.0,5592.692999999999,34832.54,0,6
944,20240602,930,76,7,2,2,1,10,5913.41,0.19,47898.621,3267.25,15226.121,59789.96,0,13
945,20240710,931,19,7,1,5,2,8,1088.37,0.16,7313.846399999999,717.87,1570.8863999999994,9368.31,0,5
946,20240221,932,21,1,2,20,1,2,5150.07,0.06,9682.1316,3979.44,1723.2515999999987,11141.09,0,10
947,20240621,933,9,7,2,17,2,7,1077.36,0.04,7239.859199999999,644.58,2727.7991999999986,8144.43,0,6
948,20240622,934,6,10,2,2,2,6,2736.127630057804,0.135,14200.5024,2241.64,750.6623999999993,16356.19,0,2
949,20241114,935,2,10,1,16,2,6,4570.51,0.18,22486.9092,2788.74,5754.469200000003,28481.4,0,4
950,20241106,936,61,1,1,17,2,9,5193.26,0.08,43000.1928,3412.07,12291.562800000003,50632.07,0,6
951,20241230,937,37,1,2,20,1,4,1506.2,0.14,5181.328,1050.66,978.688,5884.0,0,14
952,20240201,938,102,10,1,10,1,2,1191.78,0.22,1859.1768,650.16,558.8568,2387.42,0,11
953,20240811,939,49,3,2,9,2,8,4541.27,0.06,34150.3504,3835.14,3469.230400000004,36985.66,0,7
954,20240913,940,48,3,2,7,1,6,1218.62,0.15,6214.962,894.7,846.7619999999988,6801.77,0,11
955,20241112,941,63,10,1,9,1,10,5933.27,0.24,45092.852000000006,4017.15,4921.352000000006,63216.23,0,8
956,20241019,942,8,8,2,2,2,5,3741.55,0.01,18520.6725,2469.35,6173.922500000001,18303.1,1,5
957,20241201,943,84,3,2,9,1,3,4283.86,0.0,12851.579999999998,3264.81,3057.149999999998,13599.8,0,9
958,20240927,944,62,10,1,1,2,7,2635.26,0.07,17155.542599999997,2112.42,2368.6025999999965,21611.91,0,3
959,20241030,945,33,4,2,10,2,10,167.79,0.14,1442.994,101.99,423.094,1870.51,0,5
960,20240929,946,87,6,2,19,1,1,2207.53,0.05,2097.1535,1355.83,741.3235,2494.79,0,9
961,20240104,947,10,5,2,16,1,5,503.4,0.23,1938.09,365.79,109.1400000000001,2594.0,0,8
962,20240630,948,11,8,2,3,1,3,1193.03,0.2,2863.2720000000004,620.81,1000.8420000000006,3910.71,0,13
963,20240209,949,26,9,2,19,1,9,111.19,0.0,1000.71,62.6,437.31000000000006,1081.56,0,8
964,20241228,950,1,9,2,15,2,5,5125.85,0.17,21272.2775,4114.09,701.8274999999994,25110.18,0,3
965,20240212,951,30,10,2,6,1,2,5232.73,0.11,9314.2594,3864.56,1585.1393999999991,10791.44,0,13
966,20240302,952,23,1,1,17,2,5,3484.42,0.23,13415.017,2799.54,-582.6830000000009,17057.57,0,3
967,20240526,953,13,6,2,20,1,7,2007.53,0.21,11101.6409,1647.13,-428.2690999999995,12648.13,0,8
968,20240114,954,28,7,2,10,2,1,3061.76,0.17,2541.2608,2146.62,394.6408000000001,3079.57,0,1
969,20240712,955,119,5,2,2,1,9,4712.43,0.14,36474.2082,3058.93,8943.838200000002,38779.52,0,14
970,20241025,956,36,10,1,9,2,6,3133.53,0.05,17861.121,2374.89,3611.780999999999,20932.16,0,5
971,20240814,957,82,5,2,19,2,10,1815.21,0.0,18152.1,1565.5,2497.0999999999985,18151.25,1,6
972,20241210,958,120,3,1,10,2,10,5180.47,0.23,39889.619000000006,3699.27,2896.919000000009,61193.08,0,7
973,20240703,959,2,5,2,10,2,2,5633.51,0.09,10252.988200000002,4777.0,698.9882000000016,12687.66,0,1
974,20240617,960,47,1,1,10,2,6,1578.517241379311,0.13,8239.860000000002,1112.34,1565.8200000000031,10331.16,0,5
975,20241124,961,44,3,1,16,1,1,6738.486206896552,0.13,5862.483,3694.49,2167.9930000000004,6328.32,0,8
976,20240313,872,54,4,2,17,2,3,2226.86,0.08,6146.1336,1123.37,2776.0236000000004,6552.56,0,6
977,20240928,962,76,8,2,4,1,6,1486.56,0.25,6689.52,920.67,1165.500000000001,9517.91,0,8
978,20240614,963,76,5,2,14,2,1,4337.57,0.15,3686.9345,2978.6,708.3344999999999,4416.7,0,4
979,20240731,964,14,1,1,5,1,4,2790.4,0.12,9822.208,1427.26,4113.168000000001,11472.48,0,14
980,20240719,965,82,2,2,5,1,8,3276.73,0.15,22281.764,2598.34,1495.043999999998,29781.48,0,10
981,20241005,966,24,9,1,5,1,7,4238.71,0.11,26407.1633,3631.12,989.3233,34161.84,0,9
982,20241003,967,60,6,2,16,1,7,509.36,0.02,3494.2096,375.88,863.0496000000003,3550.31,0,13
983,20240517,968,99,7,2,9,1,5,5003.06,0.08,23014.076000000005,2756.36,9232.276000000003,25112.57,0,14
984,20240130,969,16,5,2,1,2,2,5605.07,0.15,9528.619,4072.68,1383.258999999999,13091.97,0,7
985,20240907,970,9,1,2,12,1,2,1663.39,0.09,3027.3698000000004,1205.35,616.6698000000006,3488.71,0,9
986,20241011,971,56,6,1,5,1,7,1422.82,0.21,7868.1946,802.46,2250.9746,9735.36,0,10
987,20240630,703,72,3,1,14,1,4,2548.427441860465,0.14,8766.5904,1471.78,2879.4703999999992,10635.16,0,10
988,20241228,972,1,7,1,3,2,2,3732.76,0.08,6868.278400000001,2356.27,2155.738400000001,7261.32,0,5
989,20240526,973,68,9,1,5,1,9,1724.01,0.08,14274.8028,1151.59,3910.492800000002,16479.98,0,14
990,20241211,974,102,7,1,12,2,9,1585.59,0.11,12700.5759,1254.52,1409.8958999999995,15434.26,0,2
991,20240405,975,80,5,2,10,1,5,1437.44,0.14,6180.992,748.27,2439.6420000000003,7459.45,0,8
992,20240308,976,21,4,1,20,2,3,93.02,0.25,209.295,76.05,-18.85499999999996,266.68,0,3
993,20240902,977,110,10,2,9,1,8,4998.57,0.24,30391.3056,4456.73,-5262.534399999997,36085.89,0,10
994,20240213,978,51,5,1,6,1,8,2399.03,0.04,18424.5504,1432.46,6964.8704,18079.7,1,10
995,20240103,979,36,3,1,18,1,7,4889.42,0.23,26353.973800000003,3055.27,4967.083800000004,40319.85,0,13
996,20240422,980,26,3,1,16,2,7,455.02,0.15,2707.369,405.9,-133.93100000000004,3324.32,0,3
997,20240425,981,89,10,2,19,1,5,795.25,0.11,3538.8625,437.95,1349.1125000000002,4065.97,0,14
998,20240511,982,88,3,1,13,2,11,194.09,0.04,2049.5904,174.3,132.29039999999986,2013.07,1,6
999,20240323,983,2,10,1,2,1,11,1214.3,0.24,10151.548,620.61,3324.837999999999,12354.04,0,11
1000,20241002,984,100,9,2,8,2,10,3045.18,0.19,24665.958,2649.41,-1828.141999999996,28895.18,0,6
